workload,function,version,elapsed time,perf_thread_page_fault,perf_thread_cache_misses,perf_thread_instructions
100,display,3,64297,0,394,3454
100,display,3,162401,0,519,3609
100,display,3,69719,0,398,3456
100,display,3,96688,0,420,3457
100,display,3,90264,0,426,3457
100,display,3,103648,0,419,3459
100,display,3,102483,0,409,3455
100,display,3,111060,0,441,3461
100,display,3,86915,0,385,3457
100,display,3,106892,0,389,3461
100,display,3,94320,0,402,3455
100,display,3,93529,0,395,3455
100,display,3,116443,0,445,3456
100,display,3,102349,0,412,3452
100,display,3,107037,0,397,3457
100,display,3,92158,0,426,3456
100,display,3,102682,0,429,3461
100,display,3,70937,0,419,3461
100,display,3,101031,0,459,3452
100,display,3,95863,0,439,3456
100,display,3,89194,0,417,3461
100,display,3,96699,0,413,3456
100,display,3,111653,0,415,3457
100,display,3,105375,0,441,3455
100,display,3,93278,0,409,3455
100,display,3,99182,0,411,3461
100,display,3,88061,0,401,3455
100,display,3,106324,0,435,3451
100,display,3,80868,0,528,3455
100,display,3,94853,0,438,3455
100,display,3,104451,0,434,3461
100,display,3,92118,0,400,3457
100,display,3,98856,0,403,3456
100,display,3,98854,0,397,3461
100,display,3,93499,0,421,3452
100,display,3,108302,0,454,3461
100,display,3,98425,0,413,3455
100,display,3,105954,0,423,3459
100,display,3,88936,0,396,3459
100,display,3,95913,0,405,3456
100,display,3,98396,0,426,3457
100,display,3,118744,0,435,3455
100,display,3,94454,0,396,3461
100,display,3,107689,0,413,3454
100,display,3,89125,0,402,3457
100,display,3,90765,0,433,3461
100,display,3,98791,0,431,3457
100,display,3,108070,0,405,3456
100,display,3,91806,0,396,3459
100,display,3,90476,0,413,3457
100,display,3,65667,0,392,3454
100,display,3,93734,0,365,3455
100,display,3,107595,0,419,3457
100,display,3,89140,0,411,3457
100,display,3,83411,0,383,3459
100,display,3,114789,0,426,3457
100,display,3,87545,0,375,3455
100,display,3,94969,0,412,3459
100,display,3,90541,0,394,3456
100,display,3,97225,0,427,3461
100,display,3,91164,0,395,3450
100,display,3,107689,0,394,3461
100,display,3,94404,0,411,3455
100,display,3,123010,0,445,3455
100,display,3,86220,0,423,3457
100,display,3,93086,0,421,3457
100,display,3,67613,0,398,3456
100,display,3,118051,0,456,3457
100,display,3,69181,0,388,3454
100,display,3,89712,0,403,3461
100,display,3,96439,0,410,3457
100,display,3,101096,0,453,3455
100,display,3,123926,0,421,3459
100,display,3,94480,0,435,3459
100,display,3,98551,0,460,3457
100,display,3,103340,0,411,3452
100,display,3,91674,0,414,3457
100,display,3,95309,0,432,3461
100,display,3,90658,0,422,3457
100,display,3,90334,0,417,3457
100,display,3,111538,0,448,3456
100,display,3,101872,0,404,3461
100,display,3,89716,0,403,3456
100,display,3,88777,0,383,3457
100,display,3,104460,0,423,3461
100,display,3,101891,0,444,3455
100,display,3,95607,0,423,3455
100,display,3,87128,0,399,3461
100,display,3,103273,0,438,3456
100,display,3,88743,0,385,3452
100,display,3,91556,0,431,3457
100,display,3,87481,0,382,3457
100,display,3,91642,0,391,3457
100,display,3,90165,0,425,3455
100,display,3,90564,0,410,3457
100,display,3,93649,0,420,3457
100,display,3,102495,0,401,3457
100,display,3,100000,0,424,3457
100,display,3,89405,0,427,3457
100,display,3,97803,0,403,3461
200,display,3,110190,0,424,3455
200,display,3,100367,0,443,3455
200,display,3,123395,0,451,3461
200,display,3,96182,0,437,3455
200,display,3,104901,0,392,3457
200,display,3,91330,0,463,3459
200,display,3,114532,0,479,3458
200,display,3,100176,0,459,3461
200,display,3,70378,0,402,3456
200,display,3,104547,0,407,3457
200,display,3,104676,0,419,3450
200,display,3,95849,0,469,3457
200,display,3,99700,0,410,3459
200,display,3,93979,0,403,3455
200,display,3,102900,0,430,3461
200,display,3,112946,0,414,3452
200,display,3,93495,0,415,3455
200,display,3,87614,0,417,3461
200,display,3,105208,0,423,3459
200,display,3,90430,0,385,3452
200,display,3,79275,0,432,3455
200,display,3,106566,0,411,3455
200,display,3,90291,0,387,3454
200,display,3,117510,0,464,3461
200,display,3,91516,0,397,3461
200,display,3,106992,0,432,3448
200,display,3,93171,0,411,3452
200,display,3,96959,0,411,3457
200,display,3,94231,0,432,3457
200,display,3,95690,0,464,3457
200,display,3,80467,0,560,3455
200,display,3,98382,0,431,3457
200,display,3,94881,0,390,3457
200,display,3,89640,0,408,3459
200,display,3,97013,0,417,3461
200,display,3,101752,0,416,3455
200,display,3,96917,0,430,3457
200,display,3,96991,0,417,3461
200,display,3,95064,0,417,3447
200,display,3,110781,0,443,3455
200,display,3,112812,0,404,3457
200,display,3,89893,0,401,3461
200,display,3,104741,0,418,3455
200,display,3,87951,0,408,3455
200,display,3,99269,0,415,3457
200,display,3,94675,0,419,3457
200,display,3,113919,0,455,3459
200,display,3,102973,0,425,3461
200,display,3,90075,0,377,3459
200,display,3,110534,0,474,3456
200,display,3,110149,0,444,3461
200,display,3,95873,0,421,3457
200,display,3,89603,0,387,3457
200,display,3,99597,0,419,3455
200,display,3,117730,0,457,3457
200,display,3,88492,0,400,3457
200,display,3,59918,0,398,3460
200,display,3,101346,0,404,3459
200,display,3,102981,0,415,3457
200,display,3,91094,0,441,3456
200,display,3,83447,0,433,3457
200,display,3,88681,0,391,3455
200,display,3,110058,0,418,3455
200,display,3,115851,0,429,3455
200,display,3,99973,0,416,3457
200,display,3,105969,0,412,3457
200,display,3,88909,0,389,3455
200,display,3,101834,0,416,3455
200,display,3,65126,0,411,3451
200,display,3,94043,0,419,3457
200,display,3,93135,0,413,3455
200,display,3,89731,0,434,3457
200,display,3,70512,0,447,3457
200,display,3,97972,0,437,3457
200,display,3,89516,0,417,3457
200,display,3,78483,0,417,3461
200,display,3,103121,0,466,3459
200,display,3,101090,0,428,3457
200,display,3,99417,0,447,3459
200,display,3,93789,0,413,3456
200,display,3,90173,0,429,3455
200,display,3,88989,0,381,3461
200,display,3,111373,0,378,3461
200,display,3,95895,0,441,3461
200,display,3,99739,0,424,3455
200,display,3,106334,0,427,3461
200,display,3,102921,0,423,3455
200,display,3,96473,0,455,3452
200,display,3,66749,0,414,3448
200,display,3,105384,0,419,3459
200,display,3,125152,0,456,3461
200,display,3,90911,0,403,3457
200,display,3,101940,0,400,3461
200,display,3,104269,0,426,3457
200,display,3,92900,0,407,3461
200,display,3,89391,0,418,3457
200,display,3,107102,0,390,3450
200,display,3,92473,0,388,3452
200,display,3,112046,0,437,3459
200,display,3,97052,0,421,3461
300,display,3,91780,0,390,3457
300,display,3,94155,0,421,3457
300,display,3,90551,0,401,3457
300,display,3,90247,0,405,3457
300,display,3,100099,0,440,3461
300,display,3,90406,0,395,3457
300,display,3,128118,0,465,3450
300,display,3,93016,0,380,3457
300,display,3,101142,0,436,3461
300,display,3,117947,0,412,3455
300,display,3,110683,0,400,3457
300,display,3,96143,0,430,3461
300,display,3,99044,0,414,3455
300,display,3,96589,0,439,3457
300,display,3,104399,0,412,3461
300,display,3,95085,0,418,3457
300,display,3,96441,0,431,3452
300,display,3,100680,0,449,3459
300,display,3,92635,0,395,3457
300,display,3,100873,0,414,3459
300,display,3,111338,0,428,3455
300,display,3,87197,0,404,3452
300,display,3,100522,0,437,3459
300,display,3,91348,0,400,3457
300,display,3,92010,0,427,3455
300,display,3,84105,0,400,3451
300,display,3,114624,0,361,3452
300,display,3,338214,0,428,3461
300,display,3,98501,0,447,3461
300,display,3,91811,0,418,3457
300,display,3,110899,0,409,3461
300,display,3,95301,0,431,3457
300,display,3,98187,0,413,3450
300,display,3,101019,0,464,3461
300,display,3,91827,0,414,3456
300,display,3,102707,0,424,3452
300,display,3,110951,0,404,3461
300,display,3,94980,0,414,3457
300,display,3,98190,0,406,3461
300,display,3,91216,0,422,3455
300,display,3,113953,0,549,3611
300,display,3,94548,0,418,3456
300,display,3,98746,0,415,3461
300,display,3,89707,0,415,3455
300,display,3,91975,0,407,3457
300,display,3,125294,0,438,3457
300,display,3,103205,0,463,3457
300,display,3,98231,0,422,3457
300,display,3,100948,0,399,3455
300,display,3,102372,0,484,3457
300,display,3,98806,0,439,3461
300,display,3,118982,0,446,3457
300,display,3,92775,0,413,3450
300,display,3,100539,0,417,3457
300,display,3,91617,0,381,3457
300,display,3,88992,0,435,3457
300,display,3,89623,0,397,3457
300,display,3,88935,0,392,3456
300,display,3,107934,0,407,3459
300,display,3,2144595,0,457,3457
300,display,3,101312,0,419,3459
300,display,3,91930,0,403,3455
300,display,3,99478,0,437,3455
300,display,3,107011,0,414,3456
300,display,3,86540,0,423,3452
300,display,3,94236,0,424,3448
300,display,3,106030,0,403,3461
300,display,3,93954,0,415,3455
300,display,3,95439,0,403,3450
300,display,3,97605,0,445,3459
300,display,3,105343,0,455,3455
300,display,3,98200,0,436,3461
300,display,3,91605,0,417,3457
300,display,3,103999,0,434,3456
300,display,3,91724,0,420,3457
300,display,3,106790,0,430,3457
300,display,3,92381,0,398,3455
300,display,3,99326,0,421,3456
300,display,3,96586,0,400,3455
300,display,3,94205,0,411,3456
300,display,3,125157,0,523,3457
300,display,3,109229,0,483,3459
300,display,3,90282,0,393,3455
300,display,3,67633,0,461,3456
300,display,3,98762,0,382,3461
300,display,3,93318,0,394,3456
300,display,3,104156,0,455,3461
300,display,3,93925,0,406,3452
300,display,3,99890,0,415,3457
300,display,3,93975,0,425,3457
300,display,3,114608,0,504,3461
300,display,3,100774,0,431,3457
300,display,3,105227,0,399,3457
300,display,3,98747,0,397,3461
300,display,3,100936,0,412,3461
300,display,3,96408,0,402,3455
300,display,3,139297,0,529,3456
300,display,3,63742,0,406,3455
300,display,3,98229,0,420,3459
300,display,3,93689,0,401,3456
400,display,3,98893,0,428,3461
400,display,3,98577,0,409,3461
400,display,3,102451,0,406,3455
400,display,3,128588,0,503,3452
400,display,3,787135,0,742,3456
400,display,3,87507,0,398,3457
400,display,3,127446,0,473,3454
400,display,3,101913,0,394,3455
400,display,3,105568,0,432,3452
400,display,3,85687,0,391,3457
400,display,3,64531,0,389,3456
400,display,3,63426,0,406,3456
400,display,3,95412,0,413,3461
400,display,3,97630,0,450,3456
400,display,3,95932,0,416,3459
400,display,3,117082,0,485,3454
400,display,3,102806,0,404,3455
400,display,3,90295,0,390,3455
400,display,3,118624,0,466,3455
400,display,3,114450,0,458,3461
400,display,3,87252,0,400,3455
400,display,3,85417,0,437,3457
400,display,3,101370,0,418,3457
400,display,3,104216,0,396,3461
400,display,3,95777,0,415,3461
400,display,3,76401,0,470,3452
400,display,3,96159,0,401,3461
400,display,3,95133,0,442,3457
400,display,3,116046,0,431,3456
400,display,3,115145,0,449,3455
400,display,3,89377,0,401,3455
400,display,3,93379,0,395,3455
400,display,3,97561,0,388,3457
400,display,3,95317,0,487,3457
400,display,3,94058,0,414,3459
400,display,3,90595,0,422,3455
400,display,3,113290,0,429,3457
400,display,3,110736,0,441,3455
400,display,3,110310,0,430,3459
400,display,3,87077,0,426,3457
400,display,3,125884,0,484,3457
400,display,3,88677,0,406,3452
400,display,3,106254,0,466,3456
400,display,3,110190,0,411,3459
400,display,3,93804,0,424,3459
400,display,3,69648,0,375,3456
400,display,3,101063,0,437,3455
400,display,3,99608,0,400,3457
400,display,3,102328,0,457,3457
400,display,3,80359,0,442,3447
400,display,3,91026,0,430,3455
400,display,3,90344,0,380,3455
400,display,3,89400,0,412,3448
400,display,3,87969,0,405,3457
400,display,3,117835,0,429,3457
400,display,3,88394,0,409,3456
400,display,3,99783,0,418,3457
400,display,3,95660,0,419,3455
400,display,3,91441,0,420,3457
400,display,3,91937,0,393,3459
400,display,3,65570,0,395,3455
400,display,3,107569,0,405,3461
400,display,3,86350,0,406,3461
400,display,3,98678,0,393,3455
400,display,3,99337,0,430,3457
400,display,3,99418,0,476,3455
400,display,3,91575,0,422,3457
400,display,3,94198,0,393,3461
400,display,3,71451,0,450,3455
400,display,3,120289,0,450,3457
400,display,3,107857,0,425,3459
400,display,3,90659,0,402,3455
400,display,3,109974,0,431,3455
400,display,3,100126,0,431,3461
400,display,3,120847,0,478,3457
400,display,3,94541,0,410,3456
400,display,3,92137,0,425,3457
400,display,3,97499,0,507,3450
400,display,3,105707,0,413,3457
400,display,3,98653,0,414,3457
400,display,3,105623,0,504,3461
400,display,3,124426,0,442,3457
400,display,3,85504,0,371,3457
400,display,3,108754,0,413,3450
400,display,3,119256,0,418,3461
400,display,3,102147,0,466,3461
400,display,3,73046,0,489,3456
400,display,3,89518,0,391,3461
400,display,3,77858,0,464,3460
400,display,3,64048,0,440,3456
400,display,3,98362,0,456,3457
400,display,3,100124,0,410,3452
400,display,3,211099,0,556,3450
400,display,3,104409,0,370,3456
400,display,3,92351,0,478,3455
400,display,3,93576,0,429,3457
400,display,3,100963,0,402,3456
400,display,3,104679,0,414,3461
400,display,3,98688,0,391,3457
400,display,3,116617,0,443,3461
500,display,3,64336,0,416,3449
500,display,3,97770,0,407,3456
500,display,3,97153,0,408,3461
500,display,3,120971,0,453,3461
500,display,3,71842,0,505,3455
500,display,3,88536,0,417,3455
500,display,3,84061,0,430,3461
500,display,3,105565,0,422,3452
500,display,3,91836,0,410,3457
500,display,3,98166,0,375,3455
500,display,3,76946,0,411,3457
500,display,3,101595,0,494,3456
500,display,3,63115,0,394,3456
500,display,3,104262,0,428,3461
500,display,3,98921,0,426,3459
500,display,3,107806,0,448,3455
500,display,3,94182,0,416,3457
500,display,3,104979,0,399,3457
500,display,3,88120,0,377,3456
500,display,3,171128,0,647,3456
500,display,3,100968,0,419,3461
500,display,3,99230,0,420,3452
500,display,3,99695,0,454,3455
500,display,3,92687,0,442,3452
500,display,3,122267,0,558,3459
500,display,3,104084,0,452,3461
500,display,3,100772,0,418,3461
500,display,3,132242,0,441,3457
500,display,3,117244,0,400,3456
500,display,3,95066,0,397,3455
500,display,3,93705,0,441,3457
500,display,3,102159,0,517,3455
500,display,3,96673,0,412,3461
500,display,3,104868,0,416,3456
500,display,3,101433,0,420,3455
500,display,3,66805,0,425,3456
500,display,3,92955,0,402,3455
500,display,3,108052,0,455,3450
500,display,3,91685,0,383,3457
500,display,3,99484,0,419,3461
500,display,3,94050,0,413,3457
500,display,3,95905,0,475,3456
500,display,3,95657,0,452,3457
500,display,3,121160,0,555,3450
500,display,3,113010,0,499,3461
500,display,3,94852,0,422,3457
500,display,3,94629,0,448,3450
500,display,3,102737,0,437,3461
500,display,3,89520,0,444,3452
500,display,3,93145,0,389,3455
500,display,3,106060,0,405,3457
500,display,3,93498,0,406,3457
500,display,3,105709,0,417,3450
500,display,3,98840,0,396,3455
500,display,3,121658,0,411,3452
500,display,3,101140,0,392,3452
500,display,3,98478,0,416,3459
500,display,3,98528,0,444,3457
500,display,3,91606,0,415,3461
500,display,3,91564,0,429,3452
500,display,3,99055,0,461,3447
500,display,3,92110,0,391,3452
500,display,3,100324,0,409,3452
500,display,3,100012,0,435,3455
500,display,3,89779,0,421,3461
500,display,3,100350,0,399,3461
500,display,3,89629,0,401,3447
500,display,3,89669,0,411,3457
500,display,3,93304,0,407,3461
500,display,3,89738,0,397,3459
500,display,3,110150,0,425,3457
500,display,3,101334,0,429,3461
500,display,3,92809,0,408,3457
500,display,3,98889,0,398,3457
500,display,3,88379,0,403,3455
500,display,3,98407,0,396,3455
500,display,3,124305,0,450,3457
500,display,3,105799,0,403,3459
500,display,3,85282,0,403,3452
500,display,3,101046,0,445,3457
500,display,3,103095,0,435,3461
500,display,3,95101,0,423,3457
500,display,3,102121,0,420,3459
500,display,3,224596,0,500,3456
500,display,3,101402,0,390,3455
500,display,3,121116,0,465,3459
500,display,3,101111,0,399,3461
500,display,3,98983,0,432,3450
500,display,3,124651,0,469,3452
500,display,3,88857,0,392,3459
500,display,3,94288,0,409,3457
500,display,3,93548,0,434,3448
500,display,3,88601,0,408,3452
500,display,3,112351,0,436,3457
500,display,3,116241,0,421,3461
500,display,3,93511,0,408,3457
500,display,3,100676,0,432,3457
500,display,3,114198,0,460,3461
500,display,3,95370,0,416,3452
500,display,3,93819,0,392,3461
600,display,3,98703,0,448,3456
600,display,3,156834,0,559,3607
600,display,3,92436,0,394,3461
600,display,3,109611,0,430,3455
600,display,3,103194,0,427,3461
600,display,3,90530,0,414,3457
600,display,3,103319,0,428,3457
600,display,3,87149,0,405,3452
600,display,3,88669,0,417,3457
600,display,3,89212,0,411,3461
600,display,3,90019,0,411,3456
600,display,3,115402,0,483,3447
600,display,3,98119,0,384,3457
600,display,3,84455,0,537,3461
600,display,3,92807,0,421,3451
600,display,3,108086,0,423,3457
600,display,3,94879,0,404,3459
600,display,3,101881,0,434,3461
600,display,3,98841,0,432,3461
600,display,3,88665,0,419,3455
600,display,3,104323,0,430,3456
600,display,3,100350,0,435,3457
600,display,3,102268,0,456,3455
600,display,3,98002,0,400,3457
600,display,3,99600,0,432,3461
600,display,3,91393,0,396,3461
600,display,3,90056,0,391,3455
600,display,3,91432,0,415,3457
600,display,3,101784,0,402,3459
600,display,3,93678,0,425,3457
600,display,3,90467,0,412,3457
600,display,3,108357,0,512,3452
600,display,3,94612,0,430,3450
600,display,3,94611,0,420,3457
600,display,3,91011,0,381,3461
600,display,3,93589,0,418,3457
600,display,3,88102,0,401,3461
600,display,3,104434,0,444,3457
600,display,3,91765,0,381,3461
600,display,3,102954,0,401,3459
600,display,3,95852,0,398,3461
600,display,3,77062,0,497,3458
600,display,3,103391,0,403,3461
600,display,3,73622,0,427,3460
600,display,3,105523,0,414,3461
600,display,3,99692,0,426,3457
600,display,3,94086,0,425,3452
600,display,3,94125,0,402,3461
600,display,3,119505,0,465,3457
600,display,3,94198,0,402,3461
600,display,3,90162,0,442,3457
600,display,3,97643,0,409,3459
600,display,3,107400,0,430,3457
600,display,3,86472,0,526,3452
600,display,3,111807,0,528,3608
600,display,3,132142,0,523,3613
600,display,3,89212,0,383,3457
600,display,3,72036,0,494,3456
600,display,3,93109,0,425,3455
600,display,3,95385,0,384,3454
600,display,3,105674,0,442,3457
600,display,3,90770,0,413,3455
600,display,3,90664,0,421,3461
600,display,3,89931,0,418,3457
600,display,3,110063,0,391,3457
600,display,3,102065,0,440,3456
600,display,3,88319,0,403,3461
600,display,3,104769,0,475,3457
600,display,3,93466,0,418,3457
600,display,3,90066,0,420,3457
600,display,3,79665,0,417,3454
600,display,3,103207,0,401,3461
600,display,3,108122,0,411,3452
600,display,3,121683,0,486,3452
600,display,3,98598,0,409,3459
600,display,3,105486,0,421,3461
600,display,3,111843,0,429,3457
600,display,3,89658,0,384,3457
600,display,3,66348,0,427,3447
600,display,3,89006,0,411,3457
600,display,3,86044,0,424,3455
600,display,3,129818,0,450,3461
600,display,3,91659,0,419,3457
600,display,3,103533,0,445,3457
600,display,3,95057,0,403,3459
600,display,3,100824,0,395,3457
600,display,3,112162,0,444,3455
600,display,3,76683,0,488,3456
600,display,3,92227,0,373,3457
600,display,3,105556,0,411,3459
600,display,3,65779,0,388,3456
600,display,3,91135,0,405,3455
600,display,3,92662,0,414,3457
600,display,3,97007,0,411,3461
600,display,3,103388,0,403,3454
600,display,3,101626,0,443,3461
600,display,3,91575,0,408,3456
600,display,3,105736,0,404,3461
600,display,3,64594,0,400,3456
600,display,3,103587,0,414,3461
700,display,3,98499,0,432,3455
700,display,3,104360,0,462,3457
700,display,3,100398,0,388,3457
700,display,3,98733,0,421,3450
700,display,3,102915,0,462,3457
700,display,3,103580,0,493,3457
700,display,3,104658,0,404,3461
700,display,3,92743,0,420,3459
700,display,3,91045,0,405,3457
700,display,3,102576,0,416,3456
700,display,3,109200,0,423,3457
700,display,3,92898,0,418,3456
700,display,3,86447,0,442,3457
700,display,3,90174,0,436,3452
700,display,3,114827,0,449,3455
700,display,3,105239,0,433,3455
700,display,3,66238,0,427,3455
700,display,3,102030,0,427,3455
700,display,3,92828,0,391,3456
700,display,3,98616,0,392,3455
700,display,3,89997,0,413,3461
700,display,3,90959,0,401,3457
700,display,3,100087,0,462,3457
700,display,3,100170,0,450,3461
700,display,3,99198,0,477,3461
700,display,3,51131,0,351,3456
700,display,3,107374,0,460,3457
700,display,3,110658,0,316,3457
700,display,3,91081,0,415,3458
700,display,3,97263,0,402,3456
700,display,3,104728,0,533,3457
700,display,3,123078,0,455,3457
700,display,3,108246,0,510,3457
700,display,3,126407,0,336,3457
700,display,3,146662,0,457,3457
700,display,3,94819,0,405,3457
700,display,3,91212,0,407,3457
700,display,3,98188,0,426,3455
700,display,3,103375,0,433,3457
700,display,3,67733,0,398,3461
700,display,3,102007,0,368,3457
700,display,3,108369,0,410,3457
700,display,3,155018,0,357,3452
700,display,3,98721,0,427,3455
700,display,3,101630,0,424,3455
700,display,3,106861,0,483,3461
700,display,3,124770,0,507,3450
700,display,3,97089,0,417,3457
700,display,3,113453,0,478,3461
700,display,3,166784,0,555,3457
700,display,3,118342,0,429,3452
700,display,3,99412,0,389,3457
700,display,3,92710,0,394,3457
700,display,3,107184,0,422,3457
700,display,3,147864,0,430,3457
700,display,3,65454,0,397,3454
700,display,3,109786,0,408,3452
700,display,3,102347,0,396,3457
700,display,3,105160,0,418,3455
700,display,3,120931,0,454,3455
700,display,3,77898,0,421,3455
700,display,3,104856,0,431,3455
700,display,3,93461,0,412,3457
700,display,3,94336,0,434,3452
700,display,3,93182,0,384,3457
700,display,3,102460,0,444,3461
700,display,3,86713,0,400,3457
700,display,3,101526,0,398,3461
700,display,3,89662,0,400,3459
700,display,3,90049,0,415,3459
700,display,3,99466,0,413,3457
700,display,3,101911,0,469,3459
700,display,3,249378,0,509,3457
700,display,3,107672,0,425,3448
700,display,3,120973,0,431,3457
700,display,3,133249,0,443,3457
700,display,3,92910,0,404,3457
700,display,3,88611,0,384,3450
700,display,3,64667,0,408,3451
700,display,3,120362,0,509,3461
700,display,3,107745,0,435,3461
700,display,3,100517,0,445,3457
700,display,3,160360,0,535,3456
700,display,3,93226,0,409,3461
700,display,3,119977,0,432,3457
700,display,3,102063,0,437,3457
700,display,3,118051,0,539,3457
700,display,3,94616,0,428,3452
700,display,3,117884,0,480,3457
700,display,3,103535,0,427,3461
700,display,3,102697,0,425,3452
700,display,3,143918,0,480,3461
700,display,3,52045,0,436,3455
700,display,3,172686,0,512,3456
700,display,3,113502,0,446,3459
700,display,3,142323,0,308,3452
700,display,3,100676,0,431,3457
700,display,3,126840,0,546,3454
700,display,3,75631,0,452,3455
700,display,3,88419,0,442,3448
800,display,3,111366,0,426,3450
800,display,3,99208,0,417,3457
800,display,3,67350,0,460,3447
800,display,3,87327,0,406,3457
800,display,3,94192,0,459,3459
800,display,3,98079,0,413,3457
800,display,3,236013,0,561,3608
800,display,3,107574,0,461,3457
800,display,3,166843,0,535,3609
800,display,3,96099,0,427,3455
800,display,3,105957,0,432,3457
800,display,3,122832,0,568,3457
800,display,3,106387,0,406,3452
800,display,3,85777,0,393,3457
800,display,3,115826,0,448,3461
800,display,3,90336,0,412,3457
800,display,3,99032,0,422,3455
800,display,3,103911,0,411,3457
800,display,3,127980,0,600,3461
800,display,3,98519,0,412,3461
800,display,3,95779,0,448,3457
800,display,3,98125,0,436,3457
800,display,3,113892,0,436,3461
800,display,3,75628,0,479,3456
800,display,3,116446,0,476,3457
800,display,3,114611,0,522,3456
800,display,3,92437,0,428,3455
800,display,3,112861,0,325,3456
800,display,3,110979,0,472,3459
800,display,3,103251,0,466,3456
800,display,3,101186,0,421,3451
800,display,3,146791,0,451,3461
800,display,3,99099,0,428,3455
800,display,3,124681,0,494,3457
800,display,3,107250,0,438,3456
800,display,3,111908,0,437,3456
800,display,3,113614,0,513,3455
800,display,3,109511,0,323,3447
800,display,3,107089,0,498,3461
800,display,3,100648,0,470,3457
800,display,3,49171,0,351,3456
800,display,3,93485,0,423,3457
800,display,3,106228,0,471,3459
800,display,3,93803,0,420,3461
800,display,3,96580,0,427,3456
800,display,3,110237,0,444,3461
800,display,3,420030,0,646,3457
800,display,3,88876,0,407,3457
800,display,3,110949,0,411,3457
800,display,3,104727,0,320,3456
800,display,3,100347,0,469,3450
800,display,3,104674,0,411,3455
800,display,3,123978,0,475,3457
800,display,3,105429,0,494,3456
800,display,3,103426,0,430,3457
800,display,3,96577,0,433,3457
800,display,3,95518,0,402,3457
800,display,3,113482,0,293,3453
800,display,3,91187,0,444,3455
800,display,3,166377,0,528,3457
800,display,3,130676,0,455,3459
800,display,3,103673,0,313,3461
800,display,3,118333,0,528,3455
800,display,3,99009,0,424,3459
800,display,3,105036,0,391,3461
800,display,3,92627,0,413,3448
800,display,3,87429,0,368,3457
800,display,3,93681,0,407,3457
800,display,3,91597,0,436,3457
800,display,3,103686,0,433,3457
800,display,3,92303,0,395,3452
800,display,3,99538,0,421,3457
800,display,3,99447,0,412,3455
800,display,3,90626,0,396,3455
800,display,3,163010,0,452,3455
800,display,3,101439,0,466,3461
800,display,3,99553,0,412,3457
800,display,3,96706,0,405,3461
800,display,3,159527,0,534,3457
800,display,3,103281,0,286,3456
800,display,3,99392,0,431,3456
800,display,3,99419,0,426,3461
800,display,3,101408,0,410,3457
800,display,3,123534,0,451,3461
800,display,3,66063,0,395,3455
800,display,3,95794,0,419,3457
800,display,3,125632,0,443,3447
800,display,3,81654,0,411,3457
800,display,3,146560,0,437,3457
800,display,3,102751,0,425,3457
800,display,3,108240,0,429,3455
800,display,3,97706,0,426,3461
800,display,3,97878,0,427,3457
800,display,3,103041,0,450,3459
800,display,3,176254,0,592,3608
800,display,3,107822,0,382,3461
800,display,3,114772,0,444,3455
800,display,3,109386,0,436,3457
800,display,3,91501,0,425,3457
800,display,3,95657,0,390,3457
900,display,3,129044,0,423,3452
900,display,3,76666,0,439,3454
900,display,3,88209,0,428,3455
900,display,3,111471,0,514,3456
900,display,3,98859,0,421,3457
900,display,3,120172,0,517,3461
900,display,3,95057,0,372,3450
900,display,3,89539,0,405,3457
900,display,3,112523,0,479,3457
900,display,3,101535,0,453,3457
900,display,3,92271,0,434,3459
900,display,3,91075,0,374,3459
900,display,3,114602,0,515,3457
900,display,3,124462,0,473,3452
900,display,3,95696,0,418,3457
900,display,3,98220,0,442,3456
900,display,3,114905,0,434,3459
900,display,3,98528,0,417,3457
900,display,3,94296,0,423,3459
900,display,3,101671,0,452,3456
900,display,3,114873,0,416,3452
900,display,3,88493,0,420,3457
900,display,3,101469,0,403,3457
900,display,3,115224,0,433,3457
900,display,3,65504,0,400,3451
900,display,3,94372,0,394,3459
900,display,3,175048,0,521,3461
900,display,3,108387,0,480,3455
900,display,3,74401,0,410,3457
900,display,3,65256,0,416,3456
900,display,3,113610,0,420,3456
900,display,3,467958,0,534,3461
900,display,3,77800,0,431,3455
900,display,3,137407,0,472,3456
900,display,3,93261,0,414,3461
900,display,3,90962,0,381,3455
900,display,3,120021,0,444,3457
900,display,3,92406,0,394,3450
900,display,3,102100,0,436,3459
900,display,3,106993,0,468,3457
900,display,3,85753,0,457,3457
900,display,3,97631,0,392,3456
900,display,3,103973,0,413,3455
900,display,3,93027,0,410,3457
900,display,3,90439,0,411,3457
900,display,3,101365,0,438,3452
900,display,3,111705,0,442,3457
900,display,3,89949,0,398,3455
900,display,3,92151,0,400,3456
900,display,3,90013,0,398,3461
900,display,3,93885,0,437,3457
900,display,3,255268,0,500,3404
900,display,3,113232,0,443,3457
900,display,3,101836,0,426,3452
900,display,3,91249,0,410,3461
900,display,3,92092,0,393,3457
900,display,3,112898,0,423,3455
900,display,3,96609,0,370,3456
900,display,3,115861,0,326,3451
900,display,3,88641,0,409,3455
900,display,3,98854,0,454,3461
900,display,3,117326,0,441,3457
900,display,3,101575,0,406,3461
900,display,3,90854,0,412,3457
900,display,3,99022,0,403,3455
900,display,3,74149,0,457,3456
900,display,3,104103,0,438,3455
900,display,3,99661,0,444,3455
900,display,3,91161,0,424,3455
900,display,3,132886,0,416,3461
900,display,3,89339,0,554,3455
900,display,3,98385,0,451,3461
900,display,3,91278,0,416,3455
900,display,3,88587,0,416,3459
900,display,3,88597,0,408,3459
900,display,3,92437,0,424,3456
900,display,3,102357,0,438,3457
900,display,3,128992,0,453,3457
900,display,3,106255,0,425,3452
900,display,3,88960,0,404,3456
900,display,3,76721,0,440,3457
900,display,3,94003,0,396,3455
900,display,3,123151,0,416,3456
900,display,3,89321,0,368,3461
900,display,3,114432,0,444,3455
900,display,3,162721,0,541,3451
900,display,3,109369,0,441,3461
900,display,3,100425,0,418,3452
900,display,3,105567,0,449,3457
900,display,3,93711,0,437,3457
900,display,3,347383,0,456,3455
900,display,3,100737,0,540,3461
900,display,3,110208,0,407,3457
900,display,3,68202,0,401,3451
900,display,3,134644,0,334,3457
900,display,3,89839,0,467,3458
900,display,3,110618,0,445,3461
900,display,3,101484,0,409,3456
900,display,3,105339,0,416,3455
900,display,3,93758,0,415,3457
1000,display,3,126275,0,485,3456
1000,display,3,123258,0,411,3461
1000,display,3,68915,0,492,3455
1000,display,3,90944,0,391,3455
1000,display,3,73353,0,386,3456
1000,display,3,113723,0,300,3456
1000,display,3,115389,0,436,3454
1000,display,3,98185,0,406,3461
1000,display,3,100790,0,416,3457
1000,display,3,106192,0,352,3457
1000,display,3,100531,0,431,3456
1000,display,3,121518,0,534,3454
1000,display,3,110687,0,490,3456
1000,display,3,87388,0,413,3455
1000,display,3,102141,0,431,3459
1000,display,3,102337,0,400,3461
1000,display,3,104996,0,439,3455
1000,display,3,99890,0,414,3452
1000,display,3,90089,0,431,3457
1000,display,3,94786,0,364,3455
1000,display,3,90684,0,356,3461
1000,display,3,85754,0,421,3457
1000,display,3,108837,0,346,3456
1000,display,3,118434,0,447,3457
1000,display,3,131572,0,466,3452
1000,display,3,112762,0,422,3459
1000,display,3,79177,0,435,3461
1000,display,3,70984,0,434,3454
1000,display,3,102339,0,415,3457
1000,display,3,96644,0,421,3457
1000,display,3,114271,0,476,3461
1000,display,3,108621,0,451,3452
1000,display,3,106653,0,444,3457
1000,display,3,103625,0,482,3457
1000,display,3,103646,0,430,3457
1000,display,3,101251,0,408,3457
1000,display,3,101659,0,429,3450
1000,display,3,103797,0,355,3461
1000,display,3,100026,0,424,3456
1000,display,3,89559,0,426,3461
1000,display,3,98919,0,429,3455
1000,display,3,101669,0,438,3459
1000,display,3,107734,0,411,3461
1000,display,3,99922,0,428,3461
1000,display,3,98889,0,395,3461
1000,display,3,176931,0,624,3456
1000,display,3,107368,0,589,3452
1000,display,3,89467,0,459,3455
1000,display,3,126995,0,478,3457
1000,display,3,104677,0,455,3459
1000,display,3,111614,0,559,3456
1000,display,3,105422,0,506,3457
1000,display,3,68031,0,392,3456
1000,display,3,91152,0,423,3459
1000,display,3,67059,0,406,3456
1000,display,3,99479,0,434,3457
1000,display,3,111385,0,463,3456
1000,display,3,91226,0,405,3457
1000,display,3,118347,0,467,3457
1000,display,3,93209,0,405,3457
1000,display,3,135161,0,464,3452
1000,display,3,90019,0,394,3459
1000,display,3,102811,0,445,3461
1000,display,3,92491,0,395,3457
1000,display,3,191669,0,493,3456
1000,display,3,69298,0,394,3447
1000,display,3,90846,0,412,3461
1000,display,3,60836,0,399,3456
1000,display,3,107550,0,419,3452
1000,display,3,76376,0,438,3457
1000,display,3,126558,0,492,3457
1000,display,3,103975,0,393,3461
1000,display,3,103678,0,503,3456
1000,display,3,89710,0,391,3457
1000,display,3,105873,0,409,3454
1000,display,3,88218,0,388,3455
1000,display,3,86043,0,428,3456
1000,display,3,91880,0,407,3459
1000,display,3,105557,0,461,3457
1000,display,3,129517,0,522,3454
1000,display,3,95640,0,456,3457
1000,display,3,103629,0,415,3461
1000,display,3,100084,0,419,3457
1000,display,3,87851,0,386,3461
1000,display,3,111060,0,456,3455
1000,display,3,94790,0,438,3461
1000,display,3,107132,0,478,3459
1000,display,3,101689,0,433,3459
1000,display,3,149277,0,471,3455
1000,display,3,98363,0,423,3452
1000,display,3,93205,0,445,3455
1000,display,3,111541,0,441,3455
1000,display,3,100683,0,401,3457
1000,display,3,101834,0,411,3461
1000,display,3,103793,0,434,3461
1000,display,3,103981,0,517,3459
1000,display,3,91283,0,422,3455
1000,display,3,112307,0,434,3456
1000,display,3,99866,0,426,3457
1000,display,3,116945,0,431,3461
