0,262938,700,Display 
0,232904,700,Display 
0,240773,700,Display 
0,470022,700,Display 
0,309954,700,Display 
0,288926,700,Display 
0,248566,700,Display 
0,330497,700,Display 
0,356205,700,Display 
0,282188,700,Display 
0,283696,700,Display 
0,295533,700,Display 
0,265945,700,Display 
0,275257,700,Display 
0,290263,700,Display 
0,328136,700,Display 
0,298270,700,Display 
0,425120,700,Display 
0,364940,700,Display 
0,346781,700,Display 
0,448760,700,Display 
0,376106,700,Display 
0,351387,700,Display 
0,372529,700,Display 
0,361996,700,Display 
0,454855,700,Display 
0,381248,700,Display 
0,369411,700,Display 
0,375230,700,Display 
0,778121,700,Display 
0,648015,700,Display 
0,365940,700,Display 
0,346960,700,Display 
0,364917,700,Display 
0,375811,700,Display 
0,362128,700,Display 
0,442098,700,Display 
0,449920,700,Display 
0,599342,700,Display 
0,360538,700,Display 
0,373314,700,Display 
0,416745,700,Display 
0,427310,700,Display 
0,318137,700,Display 
0,373848,700,Display 
0,308869,700,Display 
0,324716,700,Display 
0,203702,700,Display 
0,313498,700,Display 
0,615129,700,Display 
0,340703,700,Display 
0,285604,700,Display 
0,214849,700,Display 
0,278194,700,Display 
0,286053,700,Display 
0,299271,700,Display 
0,283694,700,Display 
0,334217,700,Display 
0,303369,700,Display 
0,416556,700,Display 
0,341486,700,Display 
0,377860,700,Display 
0,223407,700,Display 
0,476030,700,Display 
0,464093,700,Display 
0,368806,700,Display 
0,226032,700,Display 
0,623534,700,Display 
0,431740,700,Display 
0,282419,700,Display 
0,283482,700,Display 
0,267374,700,Display 
0,275871,700,Display 
0,363452,700,Display 
0,283491,700,Display 
0,276265,700,Display 
0,300396,700,Display 
0,375343,700,Display 
0,647259,700,Display 
0,218718,700,Display 
0,458189,700,Display 
0,360353,700,Display 
0,201388,700,Display 
0,404295,700,Display 
0,4153065,700,Display 
0,321384,700,Display 
0,290079,700,Display 
0,279716,700,Display 
0,289394,700,Display 
0,288792,700,Display 
0,299061,700,Display 
0,436103,700,Display 
0,294268,700,Display 
0,300864,700,Display 
0,271813,700,Display 
0,264853,700,Display 
0,272950,700,Display 
0,263391,700,Display 
0,267150,700,Display 
0,284439,700,Display 
0,261198,700,Display 
0,272261,700,Display 
0,270109,700,Display 
0,267860,700,Display 
0,428612,700,Display 
0,328377,700,Display 
0,761946,700,Display 
0,370922,700,Display 
0,351356,700,Display 
0,380742,700,Display 
0,366536,700,Display 
0,388121,700,Display 
0,354979,700,Display 
0,416569,700,Display 
0,359816,700,Display 
0,443912,700,Display 
0,396968,700,Display 
0,364139,700,Display 
0,359624,700,Display 
0,412786,700,Display 
0,377163,700,Display 
0,348485,700,Display 
0,367695,700,Display 
0,339649,700,Display 
0,347188,700,Display 
0,457062,700,Display 
0,341061,700,Display 
0,779787,700,Display 
0,765007,700,Display 
0,423887,700,Display 
0,361857,700,Display 
0,374624,700,Display 
0,357891,700,Display 
0,367818,700,Display 
0,416629,700,Display 
0,349028,700,Display 
0,367985,700,Display 
0,331196,700,Display 
0,278753,700,Display 
0,298101,700,Display 
0,291737,700,Display 
0,347209,700,Display 
0,427824,700,Display 
0,378855,700,Display 
0,775399,700,Display 
0,581148,700,Display 
0,408884,700,Display 
0,367822,700,Display 
0,303020,700,Display 
0,301916,700,Display 
0,172640,700,Display 
0,225246,700,Display 
0,303253,700,Display 
0,364980,700,Display 
0,396803,700,Display 
0,310933,700,Display 
0,280978,700,Display 
0,495948,700,Display 
0,291478,700,Display 
0,304692,700,Display 
0,407757,700,Display 
0,408201,700,Display 
0,317547,700,Display 
0,283776,700,Display 
0,330728,700,Display 
0,276031,700,Display 
0,284219,700,Display 
0,293296,700,Display 
0,371109,700,Display 
0,359713,700,Display 
0,1573311,700,Display 
0,243960,700,Display 
0,301021,700,Display 
0,214912,700,Display 
0,294562,700,Display 
0,274077,700,Display 
0,293710,700,Display 
0,269218,700,Display 
0,277018,700,Display 
0,299424,700,Display 
0,271356,700,Display 
0,285765,700,Display 
0,317064,700,Display 
0,277609,700,Display 
0,278870,700,Display 
0,280886,700,Display 
0,283708,700,Display 
0,640275,700,Display 
0,289463,700,Display 
0,268683,700,Display 
0,280850,700,Display 
0,341019,700,Display 
0,299618,700,Display 
0,289863,700,Display 
0,431164,700,Display 
0,287952,700,Display 
0,265079,700,Display 
0,298102,700,Display 
0,297591,700,Display 
0,267961,700,Display 
0,272995,700,Display 
0,422674,700,Display 
0,434774,700,Display 
0,391106,700,Display 
0,360738,700,Display 
0,652803,700,Display 
0,621445,700,Display 
0,358002,700,Display 
0,737294,700,Display 
0,648048,700,Display 
0,761599,700,Display 
0,640018,700,Display 
0,628663,700,Display 
0,641198,700,Display 
0,287553,700,Display 
0,351543,700,Display 
0,457121,700,Display 
0,629324,700,Display 
0,325775,700,Display 
0,341109,700,Display 
0,366923,700,Display 
0,420086,700,Display 
0,389875,700,Display 
0,438331,700,Display 
0,327669,700,Display 
0,478471,700,Display 
0,383521,700,Display 
0,349521,700,Display 
0,459924,700,Display 
0,289758,700,Display 
0,285466,700,Display 
0,302071,700,Display 
0,280448,700,Display 
0,275896,700,Display 
0,287331,700,Display 
0,283050,700,Display 
0,344455,700,Display 
0,652754,700,Display 
0,353122,700,Display 
0,398062,700,Display 
0,361806,700,Display 
0,270609,700,Display 
0,297929,700,Display 
0,208793,700,Display 
0,311522,700,Display 
0,297378,700,Display 
0,281745,700,Display 
0,451079,700,Display 
0,315675,700,Display 
0,456251,700,Display 
0,384368,700,Display 
0,341656,700,Display 
0,310313,700,Display 
0,426466,700,Display 
0,397172,700,Display 
0,275259,700,Display 
0,285276,700,Display 
0,291000,700,Display 
0,460794,700,Display 
0,337947,700,Display 
0,422377,700,Display 
0,288510,700,Display 
0,363684,700,Display 
0,406834,700,Display 
0,410063,700,Display 
0,484846,700,Display 
0,492713,700,Display 
0,509248,700,Display 
0,264259,700,Display 
0,350875,700,Display 
0,454066,700,Display 
0,267233,700,Display 
0,415164,700,Display 
0,287088,700,Display 
0,289245,700,Display 
0,286705,700,Display 
0,199684,700,Display 
0,309712,700,Display 
0,278162,700,Display 
0,260268,700,Display 
0,251826,700,Display 
0,254690,700,Display 
0,405805,700,Display 
0,423012,700,Display 
0,366398,700,Display 
0,322443,700,Display 
0,529431,700,Display 
0,303622,700,Display 
0,350977,700,Display 
0,346161,700,Display 
0,384106,700,Display 
0,367105,700,Display 
0,393921,700,Display 
0,363722,700,Display 
0,402832,700,Display 
0,270802,700,Display 
0,411358,700,Display 
0,294600,700,Display 
0,355312,700,Display 
0,322722,700,Display 
0,206591,700,Display 
0,193972,700,Display 
0,327166,700,Display 
0,206486,700,Display 
0,246977,700,Display 
0,251156,700,Display 
0,279883,700,Display 
0,261336,700,Display 
0,179376,700,Display 
0,285148,700,Display 
0,347399,700,Display 
0,220002,700,Display 
0,370591,700,Display 
0,206959,700,Display 
0,475616,700,Display 
0,202398,700,Display 
0,209408,700,Display 
0,253889,700,Display 
0,237255,700,Display 
0,340688,700,Display 
0,330855,700,Display 
0,233306,700,Display 
0,400061,700,Display 
0,202105,700,Display 
0,642732,700,Display 
0,209506,700,Display 
0,354635,700,Display 
0,345678,700,Display 
0,324317,700,Display 
0,330808,700,Display 
0,398642,700,Display 
0,320698,700,Display 
0,320970,700,Display 
0,195594,700,Display 
0,210096,700,Display 
0,184907,700,Display 
0,405435,700,Display 
0,471081,700,Display 
0,262607,700,Display 
0,1004603,700,Display 
0,363576,700,Display 
0,217129,700,Display 
0,294445,700,Display 
0,347777,700,Display 
0,336912,700,Display 
0,279563,700,Display 
0,270804,700,Display 
0,295094,700,Display 
0,276580,700,Display 
0,295000,700,Display 
0,966323,700,Display 
0,278287,700,Display 
0,325574,700,Display 
0,323383,700,Display 
0,388045,700,Display 
0,347833,700,Display 
0,357245,700,Display 
0,342860,700,Display 
0,341279,700,Display 
0,339085,700,Display 
0,423822,700,Display 
0,310808,700,Display 
0,341287,700,Display 
0,226114,700,Display 
0,317957,700,Display 
0,893239,700,Display 
0,211340,700,Display 
0,348374,700,Display 
0,277264,700,Display 
0,247621,700,Display 
0,184146,700,Display 
0,339199,700,Display 
0,335583,700,Display 
0,364151,700,Display 
0,384958,700,Display 
0,257306,700,Display 
0,283293,700,Display 
0,277784,700,Display 
0,275446,700,Display 
0,269723,700,Display 
0,338731,700,Display 
0,268140,700,Display 
0,268148,700,Display 
0,260901,700,Display 
0,253388,700,Display 
0,334232,700,Display 
0,334704,700,Display 
0,371576,700,Display 
0,391261,700,Display 
0,356758,700,Display 
0,358351,700,Display 
0,374436,700,Display 
0,345828,700,Display 
0,359061,700,Display 
0,354581,700,Display 
0,360043,700,Display 
0,341401,700,Display 
0,359643,700,Display 
0,352003,700,Display 
0,343780,700,Display 
0,382556,700,Display 
0,358156,700,Display 
0,348894,700,Display 
0,368875,700,Display 
0,418224,700,Display 
0,360318,700,Display 
0,253416,700,Display 
0,271050,700,Display 
0,424752,700,Display 
0,252043,700,Display 
0,244276,700,Display 
0,261813,700,Display 
0,241252,700,Display 
0,240185,700,Display 
0,240743,700,Display 
0,236633,700,Display 
0,239192,700,Display 
0,333011,700,Display 
0,248509,700,Display 
0,245373,700,Display 
0,244719,700,Display 
0,255490,700,Display 
0,251349,700,Display 
0,282749,700,Display 
0,263573,700,Display 
0,247519,700,Display 
0,274127,700,Display 
0,240892,700,Display 
0,284869,700,Display 
0,234489,700,Display 
0,529754,700,Display 
0,385586,700,Display 
0,324557,700,Display 
0,203459,700,Display 
0,443819,700,Display 
0,253326,700,Display 
0,240254,700,Display 
0,233301,700,Display 
0,264967,700,Display 
0,245454,700,Display 
0,241247,700,Display 
0,275045,700,Display 
0,275830,700,Display 
0,286163,700,Display 
0,500012,700,Display 
0,359276,700,Display 
0,292745,700,Display 
0,284449,700,Display 
0,539576,700,Display 
0,160548,700,Display 
0,343583,700,Display 
0,284999,700,Display 
0,330092,700,Display 
0,322367,700,Display 
0,350988,700,Display 
0,255867,700,Display 
0,417077,700,Display 
0,375883,700,Display 
0,262248,700,Display 
0,284641,700,Display 
0,303783,700,Display 
0,271510,700,Display 
0,385404,700,Display 
0,387378,700,Display 
0,423763,700,Display 
0,325100,700,Display 
0,207514,700,Display 
0,191070,700,Display 
0,195352,700,Display 
0,357190,700,Display 
0,281808,700,Display 
0,282630,700,Display 
0,285349,700,Display 
0,290906,700,Display 
0,275891,700,Display 
0,282386,700,Display 
0,334110,700,Display 
0,269167,700,Display 
0,291612,700,Display 
0,301905,700,Display 
0,423618,700,Display 
0,316996,700,Display 
0,393529,700,Display 
0,304091,700,Display 
0,527681,700,Display 
0,343733,700,Display 
0,370590,700,Display 
0,637885,700,Display 
0,284602,700,Display 
0,281419,700,Display 
0,275255,700,Display 
0,274303,700,Display 
0,276204,700,Display 
0,297231,700,Display 
0,293355,700,Display 
0,295207,700,Display 
0,354446,700,Display 
0,426427,700,Display 
0,351452,700,Display 
0,371365,700,Display 
0,354707,700,Display 
0,372213,700,Display 
0,360729,700,Display 
0,414865,700,Display 
0,277331,700,Display 
0,292405,700,Display 
0,296662,700,Display 
0,929198,700,Display 
0,673642,700,Display 
0,298788,700,Display 
0,359047,700,Display 
0,336836,700,Display 
0,289613,700,Display 
0,441978,700,Display 
0,419201,700,Display 
0,327807,700,Display 
0,419889,700,Display 
0,371647,700,Display 
0,269085,700,Display 
0,258348,700,Display 
0,290192,700,Display 
0,280714,700,Display 
0,235282,700,Display 
0,273861,700,Display 
0,280857,700,Display 
0,175427,700,Display 
0,263287,700,Display 
0,155359,700,Display 
0,325014,700,Display 
0,164003,700,Display 
0,418548,700,Display 
0,300004,700,Display 
0,173111,700,Display 
0,153403,700,Display 
0,245080,700,Display 
0,313707,700,Display 
0,269917,700,Display 
0,276995,700,Display 
0,314752,700,Display 
0,278244,700,Display 
0,451150,700,Display 
0,438297,700,Display 
0,282401,700,Display 
0,270968,700,Display 
0,168326,700,Display 
0,306590,700,Display 
0,343275,700,Display 
0,192242,700,Display 
0,379381,700,Display 
0,293792,700,Display 
0,294071,700,Display 
0,430023,700,Display 
0,304192,700,Display 
0,390404,700,Display 
0,380514,700,Display 
0,356447,700,Display 
0,435665,700,Display 
0,324632,700,Display 
0,224149,700,Display 
0,210284,700,Display 
0,264930,700,Display 
0,294420,700,Display 
0,306820,700,Display 
0,343245,700,Display 
0,299510,700,Display 
0,334573,700,Display 
0,211042,700,Display 
0,279592,700,Display 
0,293801,700,Display 
0,291766,700,Display 
0,271165,700,Display 
0,334729,700,Display 
0,772093,700,Display 
0,367781,700,Display 
0,436381,700,Display 
0,387316,700,Display 
0,383581,700,Display 
0,440193,700,Display 
0,368640,700,Display 
0,381215,700,Display 
0,410719,700,Display 
0,473134,700,Display 
0,388020,700,Display 
0,431976,700,Display 
0,459232,700,Display 
0,789228,700,Display 
0,786899,700,Display 
0,782417,700,Display 
0,786034,700,Display 
0,559835,700,Display 
0,411512,700,Display 
0,407410,700,Display 
0,412975,700,Display 
0,267730,700,Display 
0,241343,700,Display 
0,399119,700,Display 
0,414357,700,Display 
0,400323,700,Display 
0,466887,700,Display 
0,414239,700,Display 
0,422456,700,Display 
0,422360,700,Display 
0,281759,700,Display 
0,292750,700,Display 
0,302301,700,Display 
0,333396,700,Display 
0,354036,700,Display 
0,378276,700,Display 
0,375167,700,Display 
0,355725,700,Display 
0,360775,700,Display 
0,408852,700,Display 
0,420828,700,Display 
0,369328,700,Display 
0,414604,700,Display 
0,382398,700,Display 
0,430937,700,Display 
0,418414,700,Display 
0,851654,700,Display 
0,594465,700,Display 
0,279033,700,Display 
0,249807,700,Display 
0,295686,700,Display 
0,252757,700,Display 
0,261326,700,Display 
0,328193,700,Display 
0,1522786,700,Display 
0,352438,700,Display 
0,290728,700,Display 
0,342887,700,Display 
0,311588,700,Display 
0,278909,700,Display 
0,352572,700,Display 
0,301713,700,Display 
0,362712,700,Display 
0,267648,700,Display 
0,199608,700,Display 
0,377802,700,Display 
0,292363,700,Display 
0,251088,700,Display 
0,393648,700,Display 
0,323421,700,Display 
0,344876,700,Display 
0,277762,700,Display 
0,297472,700,Display 
0,374041,700,Display 
0,190526,700,Display 
0,252379,700,Display 
0,496731,700,Display 
0,457918,700,Display 
0,539600,700,Display 
0,204037,700,Display 
0,311992,700,Display 
0,180045,700,Display 
0,506121,700,Display 
0,362282,700,Display 
0,303915,700,Display 
0,449835,700,Display 
0,276142,700,Display 
0,272383,700,Display 
0,290396,700,Display 
0,342982,700,Display 
0,279702,700,Display 
0,285069,700,Display 
0,345006,700,Display 
0,279280,700,Display 
0,408158,700,Display 
0,422032,700,Display 
0,239384,700,Display 
0,232011,700,Display 
0,604080,700,Display 
0,269829,700,Display 
0,455907,700,Display 
0,221170,700,Display 
0,360612,700,Display 
0,315923,700,Display 
0,203019,700,Display 
0,198730,700,Display 
0,289999,700,Display 
0,313031,700,Display 
0,279329,700,Display 
0,367357,700,Display 
0,422454,700,Display 
0,483165,700,Display 
0,195713,700,Display 
0,346611,700,Display 
0,419507,700,Display 
0,158704,700,Display 
0,377058,700,Display 
0,269488,700,Display 
0,258115,700,Display 
0,340127,700,Display 
0,284531,700,Display 
0,322495,700,Display 
0,274839,700,Display 
0,402673,700,Display 
0,378504,700,Display 
0,321091,700,Display 
0,206781,700,Display 
0,665730,700,Display 
0,298028,700,Display 
0,270681,700,Display 
0,286336,700,Display 
0,374361,700,Display 
0,375622,700,Display 
0,348642,700,Display 
0,431170,700,Display 
0,388870,700,Display 
0,344405,700,Display 
0,286060,700,Display 
0,277669,700,Display 
0,417156,700,Display 
0,457503,700,Display 
0,274124,700,Display 
0,359876,700,Display 
0,438003,700,Display 
0,333998,700,Display 
0,333000,700,Display 
0,321158,700,Display 
0,299788,700,Display 
0,378945,700,Display 
0,292289,700,Display 
0,269839,700,Display 
0,350418,700,Display 
0,316110,700,Display 
0,341567,700,Display 
0,306335,700,Display 
0,195543,700,Display 
0,419217,700,Display 
0,345117,700,Display 
0,463939,700,Display 
0,342456,700,Display 
0,227380,700,Display 
0,263058,700,Display 
0,287918,700,Display 
0,333934,700,Display 
0,321482,700,Display 
0,200302,700,Display 
0,200259,700,Display 
0,193816,700,Display 
0,183677,700,Display 
0,524583,700,Display 
0,342080,700,Display 
0,368147,700,Display 
0,468024,700,Display 
0,312195,700,Display 
0,602499,700,Display 
0,156203,700,Display 
0,148473,700,Display 
0,384539,700,Display 
0,211077,700,Display 
0,154575,700,Display 
0,298253,700,Display 
0,267459,700,Display 
0,201636,700,Display 
0,193664,700,Display 
0,511677,700,Display 
0,337581,700,Display 
0,317610,700,Display 
0,352276,700,Display 
0,290496,700,Display 
0,287201,700,Display 
0,276968,700,Display 
0,257639,700,Display 
0,412172,700,Display 
0,415108,700,Display 
0,350413,700,Display 
0,336550,700,Display 
0,333265,700,Display 
0,326729,700,Display 
0,790104,700,Display 
0,212813,700,Display 
0,397716,700,Display 
0,322665,700,Display 
0,314848,700,Display 
0,470029,700,Display 
0,355343,700,Display 
0,289175,700,Display 
0,273603,700,Display 
0,292318,700,Display 
0,342596,700,Display 
0,356844,700,Display 
0,286270,700,Display 
0,590871,700,Display 
0,652706,700,Display 
0,268688,700,Display 
0,402276,700,Display 
0,423510,700,Display 
0,447419,700,Display 
0,327897,700,Display 
0,322682,700,Display 
0,332046,700,Display 
0,297977,700,Display 
0,291090,700,Display 
0,276085,700,Display 
0,330790,700,Display 
0,422249,700,Display 
0,216114,700,Display 
0,192470,700,Display 
0,286315,700,Display 
0,288746,700,Display 
0,270658,700,Display 
0,267519,700,Display 
0,316570,700,Display 
0,262258,700,Display 
0,293481,700,Display 
0,442861,700,Display 
0,426093,700,Display 
0,413086,700,Display 
0,270651,700,Display 
0,412962,700,Display 
0,318644,700,Display 
0,342648,700,Display 
0,346855,700,Display 
0,303213,700,Display 
0,631513,700,Display 
0,485395,700,Display 
0,281978,700,Display 
0,182287,700,Display 
0,176018,700,Display 
0,176039,700,Display 
0,285577,700,Display 
0,627898,700,Display 
0,364421,700,Display 
0,436544,700,Display 
0,338546,700,Display 
0,221643,700,Display 
0,190599,700,Display 
0,287631,700,Display 
0,406737,700,Display 
0,460601,700,Display 
0,314536,700,Display 
0,525431,700,Display 
0,196712,700,Display 
0,191095,700,Display 
0,367806,700,Display 
0,217988,700,Display 
0,410352,700,Display 
0,2149187,700,Display 
0,1167106,700,Display 
0,4267287,700,Display 
0,307440,700,Display 
0,371768,700,Display 
0,343844,700,Display 
0,201231,700,Display 
0,281503,700,Display 
0,233369,700,Display 
0,327115,700,Display 
0,345142,700,Display 
0,331720,700,Display 
0,392542,700,Display 
0,285595,700,Display 
0,265639,700,Display 
0,277163,700,Display 
0,353486,700,Display 
0,350507,700,Display 
0,309824,700,Display 
0,315645,700,Display 
0,201880,700,Display 
0,366626,700,Display 
0,301452,700,Display 
0,341018,700,Display 
0,521189,700,Display 
0,345129,700,Display 
0,368068,700,Display 
0,193874,700,Display 
0,421473,700,Display 
0,349179,700,Display 
0,355125,700,Display 
0,343527,700,Display 
0,227793,700,Display 
0,277346,700,Display 
0,270946,700,Display 
0,290397,700,Display 
0,318341,700,Display 
0,316087,700,Display 
0,528938,700,Display 
0,398438,700,Display 
0,413887,700,Display 
0,426956,700,Display 
0,431882,700,Display 
0,389526,700,Display 
0,300768,700,Display 
0,554613,700,Display 
0,392591,700,Display 
0,583217,700,Display 
0,365961,700,Display 
0,428876,700,Display 
0,428516,700,Display 
0,360689,700,Display 
0,295465,700,Display 
0,307348,700,Display 
0,442147,700,Display 
0,800732,700,Display 
0,267666,700,Display 
0,271771,700,Display 
0,333718,700,Display 
0,400909,700,Display 
0,380143,700,Display 
0,400719,700,Display 
0,302200,700,Display 
0,555595,700,Display 
0,269798,700,Display 
0,435590,700,Display 
0,341655,700,Display 
0,212731,700,Display 
0,202148,700,Display 
0,288993,700,Display 
0,422759,700,Display 
0,307820,700,Display 
0,337993,700,Display 
0,315412,700,Display 
0,338468,700,Display 
0,265631,700,Display 
0,274250,700,Display 
0,417860,700,Display 
0,214441,700,Display 
0,351615,700,Display 
0,356887,700,Display 
0,364341,700,Display 
0,341243,700,Display 
0,287231,700,Display 
0,383804,700,Display 
0,321260,700,Display 
0,357119,700,Display 
0,205500,700,Display 
0,326678,700,Display 
0,329234,700,Display 
0,425833,700,Display 
0,345046,700,Display 
0,283324,700,Display 
0,249090,700,Display 
0,456409,700,Display 
0,369824,700,Display 
0,212706,700,Display 
0,216521,700,Display 
0,560734,700,Display 
0,352987,700,Display 
0,212740,700,Display 
0,524115,700,Display 
0,335115,700,Display 
0,243428,700,Display 
0,224454,700,Display 
0,1740707,700,Display 
0,267326,700,Display 
0,298553,700,Display 
0,265665,700,Display 
0,338106,700,Display 
0,309816,700,Display 
0,332591,700,Display 
0,508451,700,Display 
0,259157,700,Display 
0,438563,700,Display 
0,1236386,700,Display 
0,358015,700,Display 
0,323972,700,Display 
0,318401,700,Display 
0,281392,700,Display 
0,328035,700,Display 
0,301228,700,Display 
0,326622,700,Display 
0,356536,700,Display 
0,417934,700,Display 
0,274794,700,Display 
0,449838,700,Display 
0,333452,700,Display 
0,296613,700,Display 
0,356795,700,Display 
0,418439,700,Display 
0,321057,700,Display 
0,364499,700,Display 
0,310911,700,Display 
0,359855,700,Display 
0,383891,700,Display 
0,353252,700,Display 
0,291226,700,Display 
0,337125,700,Display 
0,387113,700,Display 
0,416781,700,Display 
0,213566,700,Display 
0,365222,700,Display 
0,357701,700,Display 
0,343953,700,Display 
0,211687,700,Display 
0,629432,700,Display 
0,294554,700,Display 
0,283865,700,Display 
0,307022,700,Display 
0,383490,700,Display 
0,374436,700,Display 
0,341349,700,Display 
0,315159,700,Display 
0,536567,700,Display 
0,540197,700,Display 
0,281434,700,Display 
0,347227,700,Display 
0,347147,700,Display 
0,329949,700,Display 
0,292198,700,Display 
0,287568,700,Display 
0,787467,400,Display 
0,277468,400,Display 
0,200585,400,Display 
0,190726,400,Display 
0,370819,400,Display 
0,342528,400,Display 
0,453818,400,Display 
0,352227,400,Display 
0,398867,400,Display 
0,181938,400,Display 
0,173256,400,Display 
0,356453,400,Display 
0,1943409,400,Display 
0,506686,400,Display 
0,331541,400,Display 
0,290189,400,Display 
0,286234,400,Display 
0,289510,400,Display 
0,273924,400,Display 
0,342487,400,Display 
0,220568,400,Display 
0,320750,400,Display 
0,367354,400,Display 
0,357625,400,Display 
0,344320,400,Display 
0,359248,400,Display 
0,294873,400,Display 
0,321260,400,Display 
0,324327,400,Display 
0,252220,400,Display 
0,217927,400,Display 
0,287923,400,Display 
0,250530,400,Display 
0,197508,400,Display 
0,317118,400,Display 
0,396420,400,Display 
0,284142,400,Display 
0,276624,400,Display 
0,235225,400,Display 
0,327084,400,Display 
0,287000,400,Display 
0,272604,400,Display 
0,273944,400,Display 
0,333719,400,Display 
0,195968,400,Display 
0,445643,400,Display 
0,376626,400,Display 
0,198577,400,Display 
0,427413,400,Display 
0,283641,400,Display 
0,412051,400,Display 
0,342957,400,Display 
0,337259,400,Display 
0,321609,400,Display 
0,695788,400,Display 
0,315013,400,Display 
0,314578,400,Display 
0,396827,400,Display 
0,187392,400,Display 
0,203653,400,Display 
0,406656,400,Display 
0,215949,400,Display 
0,211439,400,Display 
0,300857,400,Display 
0,200243,400,Display 
0,284855,400,Display 
0,327950,400,Display 
0,308173,400,Display 
0,191132,400,Display 
0,283646,400,Display 
0,272831,400,Display 
0,375073,400,Display 
0,283733,400,Display 
0,288489,400,Display 
0,284926,400,Display 
0,201980,400,Display 
0,205373,400,Display 
0,388733,400,Display 
0,442115,400,Display 
0,267817,400,Display 
0,313545,400,Display 
0,292307,400,Display 
0,431348,400,Display 
0,304401,400,Display 
0,341447,400,Display 
0,326792,400,Display 
0,318193,400,Display 
0,312632,400,Display 
0,444317,400,Display 
0,342569,400,Display 
0,213700,400,Display 
0,338003,400,Display 
0,308233,400,Display 
0,277943,400,Display 
0,275507,400,Display 
0,270781,400,Display 
0,332864,400,Display 
0,270310,400,Display 
0,290746,400,Display 
0,360842,400,Display 
0,419394,400,Display 
0,415475,400,Display 
0,262218,400,Display 
0,291505,400,Display 
0,359400,400,Display 
0,270675,400,Display 
0,310382,400,Display 
0,321338,400,Display 
0,352908,400,Display 
0,302557,400,Display 
0,284571,400,Display 
0,314279,400,Display 
0,338015,400,Display 
0,304080,400,Display 
0,305111,400,Display 
0,376133,400,Display 
0,396043,400,Display 
0,413321,400,Display 
0,281101,400,Display 
0,343862,400,Display 
0,310062,400,Display 
0,381086,400,Display 
0,350829,400,Display 
0,434255,400,Display 
0,703347,400,Display 
0,201800,400,Display 
0,286568,400,Display 
0,273192,400,Display 
0,283506,400,Display 
0,375969,400,Display 
0,286728,400,Display 
0,356864,400,Display 
0,265396,400,Display 
0,288702,400,Display 
0,302834,400,Display 
0,288806,400,Display 
0,299378,400,Display 
0,278951,400,Display 
0,436273,400,Display 
0,305416,400,Display 
0,303952,400,Display 
0,276339,400,Display 
0,290893,400,Display 
0,283002,400,Display 
0,254601,400,Display 
0,374489,400,Display 
0,371476,400,Display 
0,431375,400,Display 
0,411726,400,Display 
0,352662,400,Display 
0,349369,400,Display 
0,378948,400,Display 
0,376102,400,Display 
0,369575,400,Display 
0,371595,400,Display 
0,360041,400,Display 
0,621432,400,Display 
0,376993,400,Display 
0,787928,400,Display 
0,437963,400,Display 
0,783437,400,Display 
0,354720,400,Display 
0,356686,400,Display 
0,600209,400,Display 
0,376909,400,Display 
0,791052,400,Display 
0,515863,400,Display 
0,356320,400,Display 
0,382301,400,Display 
0,378754,400,Display 
0,342898,400,Display 
0,357506,400,Display 
0,394139,400,Display 
0,454680,400,Display 
0,379434,400,Display 
0,354973,400,Display 
0,345732,400,Display 
0,342219,400,Display 
0,319382,400,Display 
0,353206,400,Display 
0,325726,400,Display 
0,294898,400,Display 
0,331462,400,Display 
0,412269,400,Display 
0,592370,400,Display 
0,327917,400,Display 
0,333406,400,Display 
0,230244,400,Display 
0,219944,400,Display 
0,571009,400,Display 
0,345443,400,Display 
0,292727,400,Display 
0,301458,400,Display 
0,200868,400,Display 
0,291547,400,Display 
0,276878,400,Display 
0,295528,400,Display 
0,201293,400,Display 
0,326354,400,Display 
0,356352,400,Display 
0,289676,400,Display 
0,325112,400,Display 
0,290569,400,Display 
0,211380,400,Display 
0,221951,400,Display 
0,268350,400,Display 
0,276263,400,Display 
0,282425,400,Display 
0,268910,400,Display 
0,197973,400,Display 
0,3784309,400,Display 
0,224923,400,Display 
0,363728,400,Display 
0,369158,400,Display 
0,797328,400,Display 
0,750196,400,Display 
0,493251,400,Display 
0,337875,400,Display 
0,261251,400,Display 
0,272359,400,Display 
0,325436,400,Display 
0,280558,400,Display 
0,282428,400,Display 
0,279493,400,Display 
0,252797,400,Display 
0,298391,400,Display 
0,447252,400,Display 
0,417723,400,Display 
0,366493,400,Display 
0,347323,400,Display 
0,357533,400,Display 
0,360971,400,Display 
0,286810,400,Display 
0,354463,400,Display 
0,284280,400,Display 
0,423359,400,Display 
0,362204,400,Display 
0,427318,400,Display 
0,423617,400,Display 
0,375118,400,Display 
0,439287,400,Display 
0,354223,400,Display 
0,415132,400,Display 
0,283149,400,Display 
0,406487,400,Display 
0,426798,400,Display 
0,353947,400,Display 
0,777665,400,Display 
0,633309,400,Display 
0,602515,400,Display 
0,433016,400,Display 
0,439973,400,Display 
0,476815,400,Display 
0,299048,400,Display 
0,327047,400,Display 
0,334008,400,Display 
0,289821,400,Display 
0,290911,400,Display 
0,295782,400,Display 
0,273070,400,Display 
0,251033,400,Display 
0,304125,400,Display 
0,252365,400,Display 
0,219049,400,Display 
0,464669,400,Display 
0,262749,400,Display 
0,351169,400,Display 
0,273199,400,Display 
0,310609,400,Display 
0,303868,400,Display 
0,299151,400,Display 
0,317216,400,Display 
0,297067,400,Display 
0,425119,400,Display 
0,288770,400,Display 
0,281811,400,Display 
0,284416,400,Display 
0,361466,400,Display 
0,337838,400,Display 
0,206534,400,Display 
0,268167,400,Display 
0,353222,400,Display 
0,385730,400,Display 
0,351922,400,Display 
0,498232,400,Display 
0,468890,400,Display 
0,285958,400,Display 
0,208001,400,Display 
0,371787,400,Display 
0,210320,400,Display 
0,356062,400,Display 
0,370487,400,Display 
0,353577,400,Display 
0,340531,400,Display 
0,332804,400,Display 
0,311593,400,Display 
0,289467,400,Display 
0,292156,400,Display 
0,274132,400,Display 
0,317031,400,Display 
0,212387,400,Display 
0,277692,400,Display 
0,495851,400,Display 
0,907420,400,Display 
0,351009,400,Display 
0,321792,400,Display 
0,346572,400,Display 
0,254584,400,Display 
0,257957,400,Display 
0,263904,400,Display 
0,360909,400,Display 
0,347585,400,Display 
0,358877,400,Display 
0,414920,400,Display 
0,357507,400,Display 
0,375065,400,Display 
0,363839,400,Display 
0,348672,400,Display 
0,366317,400,Display 
0,367118,400,Display 
0,779861,400,Display 
0,381560,400,Display 
0,367366,400,Display 
0,362746,400,Display 
0,429763,400,Display 
0,353260,400,Display 
0,361372,400,Display 
0,674192,400,Display 
0,347709,400,Display 
0,351863,400,Display 
0,395374,400,Display 
0,419628,400,Display 
0,399431,400,Display 
0,374169,400,Display 
0,380015,400,Display 
0,456131,400,Display 
0,431781,400,Display 
0,359903,400,Display 
0,440932,400,Display 
0,772785,400,Display 
0,544726,400,Display 
0,777757,400,Display 
0,603830,400,Display 
0,421493,400,Display 
0,425546,400,Display 
0,423157,400,Display 
0,346179,400,Display 
0,420767,400,Display 
0,458525,400,Display 
0,411032,400,Display 
0,423663,400,Display 
0,568533,400,Display 
0,367836,400,Display 
0,365936,400,Display 
0,274310,400,Display 
0,414328,400,Display 
0,211313,400,Display 
0,378039,400,Display 
0,278418,400,Display 
0,272953,400,Display 
0,294720,400,Display 
0,437678,400,Display 
0,349914,400,Display 
0,420636,400,Display 
0,358730,400,Display 
0,346774,400,Display 
0,277102,400,Display 
0,344798,400,Display 
0,263009,400,Display 
0,275450,400,Display 
0,351230,400,Display 
0,346559,400,Display 
0,1928507,400,Display 
0,541033,400,Display 
0,336108,400,Display 
0,201418,400,Display 
0,290006,400,Display 
0,218823,400,Display 
0,336648,400,Display 
0,351901,400,Display 
0,342732,400,Display 
0,201287,400,Display 
0,466176,400,Display 
0,220494,400,Display 
0,185430,400,Display 
0,291398,400,Display 
0,242871,400,Display 
0,438876,400,Display 
0,377406,400,Display 
0,209433,400,Display 
0,566581,400,Display 
0,296144,400,Display 
0,290609,400,Display 
0,259078,400,Display 
0,262608,400,Display 
0,317643,400,Display 
0,275464,400,Display 
0,298569,400,Display 
0,284585,400,Display 
0,300350,400,Display 
0,301840,400,Display 
0,273948,400,Display 
0,252518,400,Display 
0,272219,400,Display 
0,259918,400,Display 
0,299139,400,Display 
0,399125,400,Display 
0,417682,400,Display 
0,269558,400,Display 
0,271281,400,Display 
0,288572,400,Display 
0,292898,400,Display 
0,330174,400,Display 
0,281672,400,Display 
0,279989,400,Display 
0,402964,400,Display 
0,358189,400,Display 
0,356848,400,Display 
0,347759,400,Display 
0,790448,400,Display 
0,365482,400,Display 
0,364776,400,Display 
0,680322,400,Display 
0,419063,400,Display 
0,464907,400,Display 
0,424823,400,Display 
0,390945,400,Display 
0,431056,400,Display 
0,296655,400,Display 
0,347689,400,Display 
0,339885,400,Display 
0,352482,400,Display 
0,776139,400,Display 
0,781710,400,Display 
0,838256,400,Display 
0,772962,400,Display 
0,698255,400,Display 
0,424632,400,Display 
0,375470,400,Display 
0,426965,400,Display 
0,775732,400,Display 
0,767232,400,Display 
0,704870,400,Display 
0,919523,400,Display 
0,703761,400,Display 
0,219265,400,Display 
0,431084,400,Display 
0,445816,400,Display 
0,357839,400,Display 
0,399049,400,Display 
0,312577,400,Display 
0,249998,400,Display 
0,336744,400,Display 
0,344390,400,Display 
0,294186,400,Display 
0,498840,400,Display 
0,285822,400,Display 
0,259384,400,Display 
0,274914,400,Display 
0,273995,400,Display 
0,288983,400,Display 
0,402463,400,Display 
0,336497,400,Display 
0,351412,400,Display 
0,348671,400,Display 
0,428791,400,Display 
0,195632,400,Display 
0,197422,400,Display 
0,355780,400,Display 
0,357240,400,Display 
0,317791,400,Display 
0,324398,400,Display 
0,232024,400,Display 
0,386928,400,Display 
0,405840,400,Display 
0,348362,400,Display 
0,248913,400,Display 
0,329310,400,Display 
0,331787,400,Display 
0,232826,400,Display 
0,286449,400,Display 
0,290808,400,Display 
0,286861,400,Display 
0,378481,400,Display 
0,291658,400,Display 
0,395816,400,Display 
0,298451,400,Display 
0,286589,400,Display 
0,362475,400,Display 
0,274850,400,Display 
0,281807,400,Display 
0,350757,400,Display 
0,543070,400,Display 
0,400055,400,Display 
0,293552,400,Display 
0,499051,400,Display 
0,416798,400,Display 
0,438236,400,Display 
0,369592,400,Display 
0,197581,400,Display 
0,338652,400,Display 
0,287791,400,Display 
0,359872,400,Display 
0,319339,400,Display 
0,510881,400,Display 
0,413396,400,Display 
0,298437,400,Display 
0,358853,400,Display 
0,336330,400,Display 
0,272961,400,Display 
0,381149,400,Display 
0,281954,400,Display 
0,287239,400,Display 
0,367879,400,Display 
0,341798,400,Display 
0,307876,400,Display 
0,389167,400,Display 
0,425016,400,Display 
0,349945,400,Display 
0,302951,400,Display 
0,302485,400,Display 
0,342996,400,Display 
0,201980,400,Display 
0,325416,400,Display 
0,205942,400,Display 
0,323721,400,Display 
0,290456,400,Display 
0,380808,400,Display 
0,349831,400,Display 
0,306282,400,Display 
0,176325,400,Display 
0,383586,400,Display 
0,362419,400,Display 
0,278621,400,Display 
0,356045,400,Display 
0,316156,400,Display 
0,352751,400,Display 
0,293927,400,Display 
0,310939,400,Display 
0,271210,400,Display 
0,190664,400,Display 
0,289567,400,Display 
0,315996,400,Display 
0,285124,400,Display 
0,277774,400,Display 
0,362245,400,Display 
0,392928,400,Display 
0,343848,400,Display 
0,208384,400,Display 
0,343854,400,Display 
0,288456,400,Display 
0,421378,400,Display 
0,765651,400,Display 
0,442489,400,Display 
0,368715,400,Display 
0,406600,400,Display 
0,791040,400,Display 
0,423949,400,Display 
0,368805,400,Display 
0,361949,400,Display 
0,746492,400,Display 
0,645652,400,Display 
0,363619,400,Display 
0,484602,400,Display 
0,753398,400,Display 
0,409129,400,Display 
0,431630,400,Display 
0,375531,400,Display 
0,373744,400,Display 
0,642414,400,Display 
0,415708,400,Display 
0,674303,400,Display 
0,416376,400,Display 
0,761916,400,Display 
0,648559,400,Display 
0,365133,400,Display 
0,614972,400,Display 
0,742448,400,Display 
0,588054,400,Display 
0,582662,400,Display 
0,646257,400,Display 
0,582700,400,Display 
0,664243,400,Display 
0,746684,400,Display 
0,583515,400,Display 
0,648831,400,Display 
0,631094,400,Display 
0,619471,400,Display 
0,592175,400,Display 
0,609874,400,Display 
0,367558,400,Display 
0,414313,400,Display 
0,295113,400,Display 
0,286814,400,Display 
0,438529,400,Display 
0,620751,400,Display 
0,406657,400,Display 
0,407696,400,Display 
0,387689,400,Display 
0,408005,400,Display 
0,226741,400,Display 
0,374943,400,Display 
0,367905,400,Display 
0,341341,400,Display 
0,309400,400,Display 
0,334543,400,Display 
0,226526,400,Display 
0,210139,400,Display 
0,334363,400,Display 
0,197368,400,Display 
0,298993,400,Display 
0,206885,400,Display 
0,353889,400,Display 
0,293808,400,Display 
0,301225,400,Display 
0,287929,400,Display 
0,311561,400,Display 
0,9308,400,Display 
0,319069,400,Display 
0,206686,400,Display 
0,421177,400,Display 
0,309070,400,Display 
0,301920,400,Display 
0,351900,400,Display 
0,398546,400,Display 
0,353265,400,Display 
0,377590,400,Display 
0,206602,400,Display 
0,347269,400,Display 
0,286857,400,Display 
0,357948,400,Display 
0,197945,400,Display 
0,367222,400,Display 
0,376222,400,Display 
0,318646,400,Display 
0,396466,400,Display 
0,295645,400,Display 
0,322434,400,Display 
0,316376,400,Display 
0,491231,400,Display 
0,330137,400,Display 
0,197187,400,Display 
0,414688,400,Display 
0,382186,400,Display 
0,291715,400,Display 
0,474339,400,Display 
0,401357,400,Display 
0,357513,400,Display 
0,1685267,400,Display 
0,306016,400,Display 
0,381464,400,Display 
0,192145,400,Display 
0,397957,400,Display 
0,344946,400,Display 
0,356695,400,Display 
0,343428,400,Display 
0,326442,400,Display 
0,226021,400,Display 
0,285439,400,Display 
0,264937,400,Display 
0,269400,400,Display 
0,258857,400,Display 
0,271861,400,Display 
0,267682,400,Display 
0,261086,400,Display 
0,361286,400,Display 
0,370677,400,Display 
0,334792,400,Display 
0,464076,400,Display 
0,331883,400,Display 
0,387181,400,Display 
0,344666,400,Display 
0,351755,400,Display 
0,662702,400,Display 
0,337623,400,Display 
0,452244,400,Display 
0,258712,400,Display 
0,264027,400,Display 
0,274249,400,Display 
0,436070,400,Display 
0,481856,400,Display 
0,322731,400,Display 
0,331625,400,Display 
0,309864,400,Display 
0,386151,400,Display 
0,325950,400,Display 
0,339408,400,Display 
0,422962,400,Display 
0,222512,400,Display 
0,540941,400,Display 
0,353091,400,Display 
0,334685,400,Display 
0,231519,400,Display 
0,202388,400,Display 
0,364237,400,Display 
0,336098,400,Display 
0,1374944,400,Display 
0,315003,400,Display 
0,288158,400,Display 
0,385019,400,Display 
0,296568,400,Display 
0,263176,400,Display 
0,379997,400,Display 
0,32399,400,Display 
0,206066,400,Display 
0,200893,400,Display 
0,339704,400,Display 
0,219992,400,Display 
0,470349,400,Display 
0,359719,400,Display 
0,363130,400,Display 
0,322478,400,Display 
0,214105,400,Display 
0,483003,400,Display 
0,218249,400,Display 
0,180621,400,Display 
0,366208,400,Display 
0,211312,400,Display 
0,241254,400,Display 
0,329837,400,Display 
0,396298,400,Display 
0,255752,400,Display 
0,251325,400,Display 
0,280808,400,Display 
0,266460,400,Display 
0,258228,400,Display 
0,267173,400,Display 
0,480898,400,Display 
0,219646,400,Display 
0,441327,400,Display 
0,315469,400,Display 
0,190253,400,Display 
0,348877,400,Display 
0,333475,400,Display 
0,341912,400,Display 
0,348416,400,Display 
0,202021,400,Display 
0,330177,400,Display 
0,403305,400,Display 
0,462354,400,Display 
0,350700,400,Display 
0,349949,400,Display 
0,336871,400,Display 
0,309690,400,Display 
0,295089,400,Display 
0,262299,400,Display 
0,282107,400,Display 
0,254403,400,Display 
0,279707,400,Display 
0,317852,400,Display 
0,311188,400,Display 
0,399566,400,Display 
0,214784,400,Display 
0,1066627,400,Display 
0,335644,400,Display 
0,384569,400,Display 
0,455439,400,Display 
0,366938,400,Display 
0,334045,400,Display 
0,360214,400,Display 
0,351851,400,Display 
0,320946,400,Display 
0,428516,400,Display 
0,338970,400,Display 
0,339464,400,Display 
0,264602,400,Display 
0,362352,400,Display 
0,284977,400,Display 
0,271813,400,Display 
0,259208,400,Display 
0,208184,400,Display 
0,347976,400,Display 
0,509747,400,Display 
0,215611,400,Display 
0,373758,400,Display 
0,342364,400,Display 
0,343958,400,Display 
0,349403,400,Display 
0,282633,400,Display 
0,258601,400,Display 
0,284197,400,Display 
0,229152,400,Display 
0,245803,400,Display 
0,768256,400,Display 
0,259312,400,Display 
0,478223,400,Display 
0,347743,400,Display 
0,378551,400,Display 
0,485901,400,Display 
0,429075,400,Display 
0,323111,400,Display 
0,308249,400,Display 
0,594685,400,Display 
0,324008,400,Display 
0,284085,400,Display 
0,324893,400,Display 
0,277391,400,Display 
0,321858,400,Display 
0,326006,400,Display 
0,303634,400,Display 
0,211152,400,Display 
0,425219,400,Display 
0,299183,400,Display 
0,399797,400,Display 
0,339278,400,Display 
0,450792,400,Display 
0,416117,400,Display 
0,317698,400,Display 
0,336321,400,Display 
0,331749,400,Display 
0,269722,400,Display 
0,279226,400,Display 
0,274940,400,Display 
0,283124,400,Display 
0,192511,400,Display 
0,515636,400,Display 
0,308773,400,Display 
0,369879,400,Display 
0,326068,400,Display 
0,240383,400,Display 
0,344751,400,Display 
0,375995,400,Display 
0,366732,400,Display 
0,444526,400,Display 
0,311286,400,Display 
0,333027,400,Display 
0,206768,400,Display 
0,338572,400,Display 
0,284220,400,Display 
0,271819,400,Display 
0,301697,400,Display 
0,256256,400,Display 
0,331200,400,Display 
0,395001,400,Display 
0,580829,400,Display 
0,619558,400,Display 
0,292168,400,Display 
0,318692,400,Display 
0,421337,400,Display 
0,341171,400,Display 
0,288323,400,Display 
0,272134,400,Display 
0,275804,400,Display 
0,322144,400,Display 
0,314717,400,Display 
0,273878,400,Display 
0,346606,400,Display 
0,228047,400,Display 
0,428583,400,Display 
0,383555,400,Display 
0,280305,400,Display 
0,346348,400,Display 
0,491056,400,Display 
0,309525,400,Display 
0,305735,400,Display 
0,313028,400,Display 
0,328985,400,Display 
0,314127,400,Display 
0,238874,400,Display 
0,528134,400,Display 
0,319961,400,Display 
0,359498,400,Display 
0,267030,400,Display 
0,314745,400,Display 
0,207982,400,Display 
0,194742,400,Display 
0,400432,400,Display 
0,211243,400,Display 
0,284582,400,Display 
0,206280,400,Display 
0,473112,400,Display 
0,418637,400,Display 
0,356371,400,Display 
0,200875,400,Display 
0,285658,400,Display 
0,657890,400,Display 
0,309860,400,Display 
0,324243,400,Display 
0,334675,400,Display 
0,392484,400,Display 
0,344698,400,Display 
0,341606,400,Display 
0,450659,400,Display 
0,332345,400,Display 
0,478387,400,Display 
0,243120,400,Display 
0,334909,400,Display 
0,470784,400,Display 
0,278289,400,Display 
0,282857,400,Display 
0,278569,400,Display 
0,280116,400,Display 
0,639276,400,Display 
0,399883,400,Display 
0,437777,400,Display 
0,332047,400,Display 
0,313897,400,Display 
0,201675,400,Display 
0,396705,400,Display 
0,241541,400,Display 
0,325190,400,Display 
0,274386,400,Display 
0,302294,400,Display 
0,282287,400,Display 
0,339780,400,Display 
0,231301,400,Display 
0,555762,400,Display 
0,258058,400,Display 
0,405153,400,Display 
0,172816,400,Display 
0,351345,400,Display 
0,169637,400,Display 
0,158377,400,Display 
0,369870,400,Display 
0,188240,400,Display 
0,267231,400,Display 
0,271539,400,Display 
0,281196,400,Display 
0,334608,400,Display 
0,348675,400,Display 
0,212206,400,Display 
0,334538,400,Display 
0,280051,400,Display 
0,684228,400,Display 
0,193582,400,Display 
0,361401,400,Display 
0,595035,400,Display 
0,309166,400,Display 
0,416581,400,Display 
0,222060,400,Display 
0,563193,400,Display 
0,263046,400,Display 
0,275092,400,Display 
0,239681,400,Display 
0,203267,400,Display 
0,191449,400,Display 
0,334150,400,Display 
0,412770,400,Display 
0,311140,400,Display 
0,210982,400,Display 
0,300456,400,Display 
0,397881,400,Display 
0,436403,400,Display 
0,350892,400,Display 
0,292713,400,Display 
0,281331,400,Display 
0,336171,400,Display 
0,319857,400,Display 
0,319741,400,Display 
0,287695,400,Display 
0,303819,400,Display 
0,300946,400,Display 
0,204183,400,Display 
0,312412,400,Display 
0,209053,400,Display 
0,393333,400,Display 
0,411133,400,Display 
0,246649,400,Display 
0,535241,400,Display 
0,239646,400,Display 
0,274196,400,Display 
0,465041,400,Display 
0,334132,400,Display 
0,264595,400,Display 
0,257537,400,Display 
0,321069,400,Display 
0,261861,400,Display 
0,285028,400,Display 
0,370630,400,Display 
0,351851,400,Display 
0,325311,400,Display 
0,310408,400,Display 
0,375840,400,Display 
0,436743,400,Display 
0,294641,400,Display 
0,282122,400,Display 
0,280660,400,Display 
0,327547,400,Display 
0,347928,400,Display 
0,192554,400,Display 
0,367050,400,Display 
0,430013,400,Display 
0,344113,400,Display 
0,367263,400,Display 
0,351891,400,Display 
0,197986,400,Display 
0,405288,400,Display 
0,375629,400,Display 
0,453921,400,Display 
0,356071,400,Display 
0,420136,400,Display 
0,366490,400,Display 
0,350555,400,Display 
0,346915,400,Display 
0,414378,400,Display 
0,302392,400,Display 
0,379374,400,Display 
0,314994,400,Display 
0,455735,400,Display 
0,355270,400,Display 
0,412884,800,Display 
0,291502,800,Display 
0,277316,800,Display 
0,423880,800,Display 
0,356779,800,Display 
0,372698,800,Display 
0,450390,800,Display 
0,406062,800,Display 
0,313632,800,Display 
0,430630,800,Display 
0,330418,800,Display 
0,202324,800,Display 
0,193853,800,Display 
0,194354,800,Display 
0,235312,800,Display 
0,349785,800,Display 
0,326046,800,Display 
0,271361,800,Display 
0,285813,800,Display 
0,277602,800,Display 
0,279613,800,Display 
0,275871,800,Display 
0,301539,800,Display 
0,337132,800,Display 
0,306406,800,Display 
0,281677,800,Display 
0,282408,800,Display 
0,276232,800,Display 
0,187102,800,Display 
0,278932,800,Display 
0,300197,800,Display 
0,281439,800,Display 
0,294352,800,Display 
0,341855,800,Display 
0,422495,800,Display 
0,282415,800,Display 
0,360812,800,Display 
0,284954,800,Display 
0,294801,800,Display 
0,289632,800,Display 
0,291638,800,Display 
0,311328,800,Display 
0,283707,800,Display 
0,308338,800,Display 
0,358928,800,Display 
0,414904,800,Display 
0,356232,800,Display 
0,470844,800,Display 
0,309007,800,Display 
0,320885,800,Display 
0,288137,800,Display 
0,308028,800,Display 
0,1211585,800,Display 
0,315719,800,Display 
0,294964,800,Display 
0,278731,800,Display 
0,224883,800,Display 
0,270528,800,Display 
0,286043,800,Display 
0,329526,800,Display 
0,280219,800,Display 
0,320505,800,Display 
0,918970,800,Display 
0,533378,800,Display 
0,401789,800,Display 
0,447466,800,Display 
0,292665,800,Display 
0,298625,800,Display 
0,333137,800,Display 
0,197017,800,Display 
0,360585,800,Display 
0,267146,800,Display 
0,294284,800,Display 
0,369464,800,Display 
0,306516,800,Display 
0,292021,800,Display 
0,292369,800,Display 
0,361794,800,Display 
0,316292,800,Display 
0,313426,800,Display 
0,368221,800,Display 
0,400890,800,Display 
0,363424,800,Display 
0,404307,800,Display 
0,231666,800,Display 
0,1345458,800,Display 
0,557477,800,Display 
0,303723,800,Display 
0,471064,800,Display 
0,298768,800,Display 
0,280548,800,Display 
0,372040,800,Display 
0,300025,800,Display 
0,331816,800,Display 
0,194018,800,Display 
0,491074,800,Display 
0,320387,800,Display 
0,395311,800,Display 
0,367830,800,Display 
0,396524,800,Display 
0,346935,800,Display 
0,440604,800,Display 
0,345874,800,Display 
0,534964,800,Display 
0,279720,800,Display 
0,273483,800,Display 
0,252925,800,Display 
0,257479,800,Display 
0,285551,800,Display 
0,256322,800,Display 
0,305646,800,Display 
0,335792,800,Display 
0,385710,800,Display 
0,367771,800,Display 
0,367297,800,Display 
0,446163,800,Display 
0,365773,800,Display 
0,365598,800,Display 
0,382813,800,Display 
0,630406,800,Display 
0,339085,800,Display 
0,345170,800,Display 
0,619483,800,Display 
0,602531,800,Display 
0,402154,800,Display 
0,416967,800,Display 
0,385010,800,Display 
0,437116,800,Display 
0,419574,800,Display 
0,347303,800,Display 
0,358514,800,Display 
0,416141,800,Display 
0,358966,800,Display 
0,424740,800,Display 
0,455225,800,Display 
0,261641,800,Display 
0,407580,800,Display 
0,408865,800,Display 
0,390390,800,Display 
0,372069,800,Display 
0,443795,800,Display 
0,397660,800,Display 
0,329641,800,Display 
0,324965,800,Display 
0,354924,800,Display 
0,572726,800,Display 
0,417452,800,Display 
0,375605,800,Display 
0,358114,800,Display 
0,249149,800,Display 
0,275520,800,Display 
0,355021,800,Display 
0,586014,800,Display 
0,287349,800,Display 
0,304422,800,Display 
0,351934,800,Display 
0,323471,800,Display 
0,331185,800,Display 
0,540115,800,Display 
0,370672,800,Display 
0,179441,800,Display 
0,424658,800,Display 
0,388183,800,Display 
0,334841,800,Display 
0,382991,800,Display 
0,367814,800,Display 
0,325312,800,Display 
0,256893,800,Display 
0,290280,800,Display 
0,292489,800,Display 
0,275474,800,Display 
0,297965,800,Display 
0,337847,800,Display 
0,373779,800,Display 
0,259067,800,Display 
0,349171,800,Display 
0,372899,800,Display 
0,589694,800,Display 
0,197020,800,Display 
0,335359,800,Display 
0,421862,800,Display 
0,776363,800,Display 
0,255853,800,Display 
0,418562,800,Display 
0,340849,800,Display 
0,291270,800,Display 
0,336838,800,Display 
0,287884,800,Display 
0,350190,800,Display 
0,363535,800,Display 
0,379849,800,Display 
0,357119,800,Display 
0,380238,800,Display 
0,402936,800,Display 
0,401673,800,Display 
0,425254,800,Display 
0,351725,800,Display 
0,290920,800,Display 
0,800370,800,Display 
0,318306,800,Display 
0,238877,800,Display 
0,330196,800,Display 
0,246785,800,Display 
0,232257,800,Display 
0,367744,800,Display 
0,359842,800,Display 
0,394492,800,Display 
0,344962,800,Display 
0,361773,800,Display 
0,364504,800,Display 
0,342497,800,Display 
0,378235,800,Display 
0,359649,800,Display 
0,353121,800,Display 
0,363930,800,Display 
0,362536,800,Display 
0,637107,800,Display 
0,613458,800,Display 
0,358650,800,Display 
0,290715,800,Display 
0,410790,800,Display 
0,634171,800,Display 
0,272235,800,Display 
0,232342,800,Display 
0,262917,800,Display 
0,282728,800,Display 
0,291004,800,Display 
0,292728,800,Display 
0,248179,800,Display 
0,280776,800,Display 
0,286839,800,Display 
0,270248,800,Display 
0,271846,800,Display 
0,368749,800,Display 
0,382802,800,Display 
0,364787,800,Display 
0,415854,800,Display 
0,352581,800,Display 
0,507450,800,Display 
0,292709,800,Display 
0,390802,800,Display 
0,205537,800,Display 
0,274996,800,Display 
0,280939,800,Display 
0,472360,800,Display 
0,351180,800,Display 
0,296530,800,Display 
0,289833,800,Display 
0,199423,800,Display 
0,311766,800,Display 
0,311055,800,Display 
0,344610,800,Display 
0,288729,800,Display 
0,309178,800,Display 
0,286935,800,Display 
0,435925,800,Display 
0,269172,800,Display 
0,297862,800,Display 
0,345425,800,Display 
0,321356,800,Display 
0,308408,800,Display 
0,436814,800,Display 
0,439204,800,Display 
0,207265,800,Display 
0,349492,800,Display 
0,201260,800,Display 
0,227538,800,Display 
0,372331,800,Display 
0,200909,800,Display 
0,438642,800,Display 
0,358877,800,Display 
0,287043,800,Display 
0,271218,800,Display 
0,281075,800,Display 
0,288977,800,Display 
0,339771,800,Display 
0,212645,800,Display 
0,272165,800,Display 
0,423078,800,Display 
0,665429,800,Display 
0,349423,800,Display 
0,364733,800,Display 
0,196701,800,Display 
0,502591,800,Display 
0,293513,800,Display 
0,279741,800,Display 
0,625360,800,Display 
0,314354,800,Display 
0,449714,800,Display 
0,272103,800,Display 
0,357362,800,Display 
0,389094,800,Display 
0,369236,800,Display 
0,288850,800,Display 
0,284241,800,Display 
0,261015,800,Display 
0,268629,800,Display 
0,633534,800,Display 
0,363407,800,Display 
0,180976,800,Display 
0,193034,800,Display 
0,216201,800,Display 
0,298619,800,Display 
0,324475,800,Display 
0,202402,800,Display 
0,525169,800,Display 
0,389128,800,Display 
0,362666,800,Display 
0,311028,800,Display 
0,343728,800,Display 
0,325434,800,Display 
0,317164,800,Display 
0,336715,800,Display 
0,350905,800,Display 
0,285710,800,Display 
0,184430,800,Display 
0,652874,800,Display 
0,400375,800,Display 
0,482258,800,Display 
0,323650,800,Display 
0,281091,800,Display 
0,301709,800,Display 
0,198038,800,Display 
0,199443,800,Display 
0,349535,800,Display 
0,287897,800,Display 
0,283079,800,Display 
0,340919,800,Display 
0,401462,800,Display 
0,292696,800,Display 
0,359012,800,Display 
0,328230,800,Display 
0,298565,800,Display 
0,310732,800,Display 
0,428352,800,Display 
0,326880,800,Display 
0,328480,800,Display 
0,205453,800,Display 
0,276627,800,Display 
0,268085,800,Display 
0,282777,800,Display 
0,402403,800,Display 
0,302274,800,Display 
0,200540,800,Display 
0,325847,800,Display 
0,175140,800,Display 
0,375793,800,Display 
0,295848,800,Display 
0,285423,800,Display 
0,290885,800,Display 
0,277190,800,Display 
0,386673,800,Display 
0,389226,800,Display 
0,201804,800,Display 
0,188140,800,Display 
0,348442,800,Display 
0,326446,800,Display 
0,214708,800,Display 
0,315566,800,Display 
0,216338,800,Display 
0,199890,800,Display 
0,382566,800,Display 
0,190149,800,Display 
0,219024,800,Display 
0,342200,800,Display 
0,224491,800,Display 
0,192965,800,Display 
0,278155,800,Display 
0,269684,800,Display 
0,301558,800,Display 
0,297565,800,Display 
0,192864,800,Display 
0,334755,800,Display 
0,295336,800,Display 
0,279357,800,Display 
0,319153,800,Display 
0,322147,800,Display 
0,269061,800,Display 
0,320598,800,Display 
0,375033,800,Display 
0,278920,800,Display 
0,333395,800,Display 
0,729521,800,Display 
0,340541,800,Display 
0,295743,800,Display 
0,203212,800,Display 
0,427614,800,Display 
0,511135,800,Display 
0,306125,800,Display 
0,272645,800,Display 
0,301710,800,Display 
0,334331,800,Display 
0,262145,800,Display 
0,328661,800,Display 
0,287944,800,Display 
0,418232,800,Display 
0,450817,800,Display 
0,342543,800,Display 
0,443840,800,Display 
0,441243,800,Display 
0,434862,800,Display 
0,418185,800,Display 
0,387647,800,Display 
0,458323,800,Display 
0,309055,800,Display 
0,495278,800,Display 
0,364389,800,Display 
0,459790,800,Display 
0,348956,800,Display 
0,532857,800,Display 
0,334545,800,Display 
0,353184,800,Display 
0,345375,800,Display 
0,380435,800,Display 
0,425965,800,Display 
0,777221,800,Display 
0,386055,800,Display 
0,776604,800,Display 
0,674524,800,Display 
0,469514,800,Display 
0,327619,800,Display 
0,378315,800,Display 
0,367258,800,Display 
0,292503,800,Display 
0,311400,800,Display 
0,440254,800,Display 
0,458450,800,Display 
0,461787,800,Display 
0,436550,800,Display 
0,295718,800,Display 
0,425291,800,Display 
0,311838,800,Display 
0,292293,800,Display 
0,309697,800,Display 
0,339666,800,Display 
0,356023,800,Display 
0,340909,800,Display 
0,334988,800,Display 
0,330896,800,Display 
0,507883,800,Display 
0,750057,800,Display 
0,774275,800,Display 
0,679346,800,Display 
0,777844,800,Display 
0,892858,800,Display 
0,508746,800,Display 
0,381269,800,Display 
0,385921,800,Display 
0,356493,800,Display 
0,302110,800,Display 
0,333875,800,Display 
0,322833,800,Display 
0,329927,800,Display 
0,390675,800,Display 
0,289168,800,Display 
0,317751,800,Display 
0,372060,800,Display 
0,186797,800,Display 
0,194386,800,Display 
0,317305,800,Display 
0,458108,800,Display 
0,362665,800,Display 
0,364435,800,Display 
0,355004,800,Display 
0,190796,800,Display 
0,322517,800,Display 
0,286398,800,Display 
0,282161,800,Display 
0,289586,800,Display 
0,284877,800,Display 
0,306858,800,Display 
0,203748,800,Display 
0,3219344,800,Display 
0,319385,800,Display 
0,189569,800,Display 
0,363985,800,Display 
0,276609,800,Display 
0,164140,800,Display 
0,416274,800,Display 
0,296458,800,Display 
0,322143,800,Display 
0,350952,800,Display 
0,332362,800,Display 
0,389961,800,Display 
0,333080,800,Display 
0,319215,800,Display 
0,262727,800,Display 
0,284768,800,Display 
0,283527,800,Display 
0,424107,800,Display 
0,284234,800,Display 
0,421739,800,Display 
0,278395,800,Display 
0,337946,800,Display 
0,283921,800,Display 
0,302807,800,Display 
0,285988,800,Display 
0,288405,800,Display 
0,281050,800,Display 
0,289993,800,Display 
0,367993,800,Display 
0,302968,800,Display 
0,332027,800,Display 
0,286243,800,Display 
0,275648,800,Display 
0,343172,800,Display 
0,584158,800,Display 
0,663010,800,Display 
0,369524,800,Display 
0,374874,800,Display 
0,428945,800,Display 
0,634343,800,Display 
0,421350,800,Display 
0,430188,800,Display 
0,383145,800,Display 
0,284098,800,Display 
0,411541,800,Display 
0,424923,800,Display 
0,453713,800,Display 
0,374955,800,Display 
0,412339,800,Display 
0,413976,800,Display 
0,379087,800,Display 
0,672071,800,Display 
0,648981,800,Display 
0,624734,800,Display 
0,657099,800,Display 
0,743158,800,Display 
0,314731,800,Display 
0,227890,800,Display 
0,369454,800,Display 
0,342716,800,Display 
0,216122,800,Display 
0,224690,800,Display 
0,287460,800,Display 
0,332363,800,Display 
0,211264,800,Display 
0,372293,800,Display 
0,395567,800,Display 
0,316614,800,Display 
0,342312,800,Display 
0,287546,800,Display 
0,303493,800,Display 
0,342574,800,Display 
0,375022,800,Display 
0,380228,800,Display 
0,413312,800,Display 
0,388237,800,Display 
0,610340,800,Display 
0,312853,800,Display 
0,322616,800,Display 
0,279399,800,Display 
0,771692,800,Display 
0,239851,800,Display 
0,264809,800,Display 
0,334034,800,Display 
0,387951,800,Display 
0,334500,800,Display 
0,364036,800,Display 
0,361758,800,Display 
0,198827,800,Display 
0,365905,800,Display 
0,274852,800,Display 
0,271304,800,Display 
0,589591,800,Display 
0,346356,800,Display 
0,294563,800,Display 
0,378590,800,Display 
0,348671,800,Display 
0,391761,800,Display 
0,359836,800,Display 
0,367354,800,Display 
0,398248,800,Display 
0,378713,800,Display 
0,344959,800,Display 
0,373409,800,Display 
0,361769,800,Display 
0,386363,800,Display 
0,446998,800,Display 
0,389929,800,Display 
0,365331,800,Display 
0,356302,800,Display 
0,393235,800,Display 
0,341878,800,Display 
0,442301,800,Display 
0,285433,800,Display 
0,292087,800,Display 
0,465920,800,Display 
0,434136,800,Display 
0,345232,800,Display 
0,628292,800,Display 
0,391487,800,Display 
0,377304,800,Display 
0,310364,800,Display 
0,291276,800,Display 
0,353447,800,Display 
0,291266,800,Display 
0,369264,800,Display 
0,362278,800,Display 
0,351947,800,Display 
0,363107,800,Display 
0,382983,800,Display 
0,275229,800,Display 
0,373894,800,Display 
0,356686,800,Display 
0,399920,800,Display 
0,289467,800,Display 
0,357036,800,Display 
0,411186,800,Display 
0,363664,800,Display 
0,381702,800,Display 
0,285522,800,Display 
0,1793596,800,Display 
0,288671,800,Display 
0,382289,800,Display 
0,354360,800,Display 
0,361619,800,Display 
0,323307,800,Display 
0,368999,800,Display 
0,456526,800,Display 
0,342406,800,Display 
0,170647,800,Display 
0,382476,800,Display 
0,381365,800,Display 
0,252630,800,Display 
0,427477,800,Display 
0,202344,800,Display 
0,502492,800,Display 
0,229817,800,Display 
0,361021,800,Display 
0,199127,800,Display 
0,318503,800,Display 
0,332054,800,Display 
0,368485,800,Display 
0,261940,800,Display 
0,181977,800,Display 
0,317209,800,Display 
0,202127,800,Display 
0,359836,800,Display 
0,299864,800,Display 
0,368428,800,Display 
0,455041,800,Display 
0,401444,800,Display 
0,360300,800,Display 
0,331103,800,Display 
0,368021,800,Display 
0,321756,800,Display 
0,247452,800,Display 
0,169935,800,Display 
0,245105,800,Display 
0,326021,800,Display 
0,318083,800,Display 
0,294263,800,Display 
0,274784,800,Display 
0,258582,800,Display 
0,297936,800,Display 
0,450863,800,Display 
0,389559,800,Display 
0,362013,800,Display 
0,512021,800,Display 
0,409316,800,Display 
0,780390,800,Display 
0,363533,800,Display 
0,407524,800,Display 
0,440167,800,Display 
0,418285,800,Display 
0,775847,800,Display 
0,760381,800,Display 
0,453380,800,Display 
0,359390,800,Display 
0,309334,800,Display 
0,296307,800,Display 
0,302097,800,Display 
0,354626,800,Display 
0,358272,800,Display 
0,346342,800,Display 
0,413359,800,Display 
0,256878,800,Display 
0,244564,800,Display 
0,251607,800,Display 
0,371165,800,Display 
0,636147,800,Display 
0,356355,800,Display 
0,360281,800,Display 
0,420681,800,Display 
0,368493,800,Display 
0,427873,800,Display 
0,427415,800,Display 
0,288150,800,Display 
0,357399,800,Display 
0,651925,800,Display 
0,358263,800,Display 
0,342636,800,Display 
0,379995,800,Display 
0,365065,800,Display 
0,369907,800,Display 
0,200600,800,Display 
0,345358,800,Display 
0,301767,800,Display 
0,408007,800,Display 
0,604513,800,Display 
0,303407,800,Display 
0,315978,800,Display 
0,206958,800,Display 
0,296334,800,Display 
0,279730,800,Display 
0,423951,800,Display 
0,204575,800,Display 
0,279836,800,Display 
0,346350,800,Display 
0,298122,800,Display 
0,685456,800,Display 
0,278840,800,Display 
0,525595,800,Display 
0,382273,800,Display 
0,195462,800,Display 
0,442613,800,Display 
0,212997,800,Display 
0,192153,800,Display 
0,300625,800,Display 
0,302529,800,Display 
0,306823,800,Display 
0,297011,800,Display 
0,470904,800,Display 
0,190257,800,Display 
0,226917,800,Display 
0,295775,800,Display 
0,213721,800,Display 
0,321711,800,Display 
0,367714,800,Display 
0,323316,800,Display 
0,285378,800,Display 
0,254718,800,Display 
0,307205,800,Display 
0,370936,800,Display 
0,343947,800,Display 
0,209915,800,Display 
0,193164,800,Display 
0,340588,800,Display 
0,316764,800,Display 
0,423222,800,Display 
0,292790,800,Display 
0,293765,800,Display 
0,274944,800,Display 
0,286019,800,Display 
0,283998,800,Display 
0,432918,800,Display 
0,354522,800,Display 
0,338613,800,Display 
0,416192,800,Display 
0,251433,800,Display 
0,193622,800,Display 
0,210030,800,Display 
0,290478,800,Display 
0,363598,800,Display 
0,198800,800,Display 
0,384323,800,Display 
0,383544,800,Display 
0,290913,800,Display 
0,223617,800,Display 
0,290273,800,Display 
0,290369,800,Display 
0,286890,800,Display 
0,293537,800,Display 
0,348169,800,Display 
0,214252,800,Display 
0,170505,800,Display 
0,712307,800,Display 
0,317446,800,Display 
0,223806,800,Display 
0,199015,800,Display 
0,322378,800,Display 
0,275807,800,Display 
0,275107,800,Display 
0,334636,800,Display 
0,444292,800,Display 
0,434414,800,Display 
0,204628,800,Display 
0,332538,800,Display 
0,301216,800,Display 
0,341799,800,Display 
0,422407,800,Display 
0,192968,800,Display 
0,302171,800,Display 
0,219556,800,Display 
0,197242,800,Display 
0,383177,800,Display 
0,349230,800,Display 
0,254333,800,Display 
0,284424,800,Display 
0,303877,800,Display 
0,320135,800,Display 
0,307510,800,Display 
0,315069,800,Display 
0,247818,800,Display 
0,205665,800,Display 
0,291346,800,Display 
0,283348,800,Display 
0,286207,800,Display 
0,359193,800,Display 
0,385947,800,Display 
0,374764,800,Display 
0,438409,800,Display 
0,475432,800,Display 
0,254071,800,Display 
0,349624,800,Display 
0,282178,800,Display 
0,333364,800,Display 
0,352860,800,Display 
0,207465,800,Display 
0,411248,800,Display 
0,387982,800,Display 
0,319855,800,Display 
0,300943,800,Display 
0,360855,800,Display 
0,291073,800,Display 
0,341541,800,Display 
0,377024,800,Display 
0,213879,800,Display 
0,312788,800,Display 
0,288499,800,Display 
0,280634,800,Display 
0,314851,800,Display 
0,316481,800,Display 
0,394310,800,Display 
0,350758,800,Display 
0,328624,800,Display 
0,214609,800,Display 
0,308473,800,Display 
0,202301,800,Display 
0,335447,800,Display 
0,380703,800,Display 
0,224474,800,Display 
0,343363,800,Display 
0,299871,800,Display 
0,391738,800,Display 
0,471010,800,Display 
0,339418,800,Display 
0,200311,800,Display 
0,214462,800,Display 
0,2114390,800,Display 
0,375943,800,Display 
0,304760,800,Display 
0,291139,800,Display 
0,301876,800,Display 
0,273066,800,Display 
0,433955,800,Display 
0,326103,800,Display 
0,390790,800,Display 
0,315248,800,Display 
0,274695,800,Display 
0,354248,800,Display 
0,367514,800,Display 
0,367256,800,Display 
0,212968,800,Display 
0,312784,800,Display 
0,324934,800,Display 
0,282574,800,Display 
0,367381,800,Display 
0,281870,800,Display 
0,274060,800,Display 
0,292105,800,Display 
0,282311,800,Display 
0,378335,800,Display 
0,411055,800,Display 
0,288826,800,Display 
0,418614,800,Display 
0,537087,800,Display 
0,527711,800,Display 
0,470342,800,Display 
0,328340,800,Display 
0,323318,800,Display 
0,201469,800,Display 
0,208392,800,Display 
0,342612,800,Display 
0,316979,800,Display 
0,286386,800,Display 
0,544465,800,Display 
0,282292,800,Display 
0,521923,800,Display 
0,358210,800,Display 
0,269667,800,Display 
0,306953,800,Display 
0,352014,800,Display 
0,361322,800,Display 
0,346231,800,Display 
0,337852,800,Display 
0,413154,800,Display 
0,170491,800,Display 
0,314808,800,Display 
0,300782,800,Display 
0,292018,800,Display 
0,588111,800,Display 
0,394361,800,Display 
0,394955,800,Display 
0,370000,800,Display 
0,462782,800,Display 
0,211817,800,Display 
0,326122,800,Display 
0,444990,800,Display 
0,152053,800,Display 
0,398342,800,Display 
0,233950,800,Display 
0,203312,800,Display 
0,279618,800,Display 
0,276958,800,Display 
0,262040,800,Display 
0,364835,800,Display 
0,308194,800,Display 
0,279656,800,Display 
0,316484,800,Display 
0,231739,800,Display 
0,631686,800,Display 
0,522791,800,Display 
0,311327,800,Display 
0,326072,800,Display 
0,345066,800,Display 
0,199294,800,Display 
0,235310,800,Display 
0,329784,800,Display 
0,330420,800,Display 
0,302963,800,Display 
0,332520,800,Display 
0,255606,800,Display 
0,188737,800,Display 
0,228834,800,Display 
0,213720,800,Display 
0,325006,800,Display 
0,312928,800,Display 
0,207300,800,Display 
0,359621,800,Display 
0,311306,800,Display 
0,345792,800,Display 
0,298169,800,Display 
0,357505,800,Display 
0,276882,800,Display 
0,278990,800,Display 
0,304460,800,Display 
0,397294,800,Display 
0,285735,800,Display 
0,294251,800,Display 
0,367457,800,Display 
0,348565,800,Display 
0,338148,800,Display 
0,360321,800,Display 
0,351575,800,Display 
0,346819,800,Display 
0,332202,800,Display 
0,323746,800,Display 
0,236575,800,Display 
0,307376,800,Display 
0,186337,800,Display 
0,232559,800,Display 
0,266186,800,Display 
0,245361,800,Display 
0,250109,800,Display 
0,187394,800,Display 
0,488589,800,Display 
0,279336,800,Display 
0,527706,800,Display 
0,399983,800,Display 
0,341471,800,Display 
0,357565,800,Display 
0,205975,800,Display 
0,421935,800,Display 
0,196898,800,Display 
0,540337,800,Display 
0,356838,800,Display 
0,324858,800,Display 
0,305390,800,Display 
0,277711,800,Display 
0,291760,800,Display 
0,279575,800,Display 
0,459338,800,Display 
0,210997,800,Display 
0,300836,800,Display 
0,295879,800,Display 
0,301001,800,Display 
0,284149,800,Display 
0,288095,800,Display 
0,327327,800,Display 
0,358847,800,Display 
0,347869,800,Display 
0,367701,800,Display 
0,427935,800,Display 
0,652766,800,Display 
0,299401,800,Display 
0,291917,800,Display 
0,308199,800,Display 
0,396514,800,Display 
0,324956,800,Display 
0,172129,800,Display 
0,315668,800,Display 
0,214163,800,Display 
0,189118,800,Display 
0,188953,800,Display 
0,296784,800,Display 
0,285358,800,Display 
0,352025,800,Display 
0,364571,800,Display 
